origin,destination,distance_meters,duration_minutes,unlevel_percent,intersect_lon,intersect_lat
Alameda João Alves Cerqueira,Rua de Olivença,85.98797245489004,1.0318556694586805,4.161184943133148,-8.831607999896415,41.690388000016995
Rua de Olivença,Alameda João Alves Cerqueira,72.59139124820535,0.8710966949784642,0.4479355520861462,-8.831607999896415,41.690388000016995
Alameda João Alves Cerqueira,Rua do Marquês; Largo Amadeu Costa,109.85562230177429,1.3182674676212913,1.661892114911317,-8.831607999896415,41.690388000016995
Rua do Marquês; Largo Amadeu Costa,Alameda João Alves Cerqueira,72.59139124820535,0.8710966949784642,0.4479355520861462,-8.831607999896415,41.690388000016995
Rua de Olivença,Rua do Marquês; Largo Amadeu Costa,109.85562230177429,1.3182674676212913,1.661892114911317,-8.831607999896415,41.690388000016995
Rua do Marquês; Largo Amadeu Costa,Rua de Olivença,85.98797245489004,1.0318556694586805,4.161184943133148,-8.831607999896415,41.690388000016995
Alameda João Alves Cerqueira,Largo Infante Dom Henrique,38.07624139852226,0.45691489678226704,3.567587440298931,-8.8324942,41.6899031
Largo Infante Dom Henrique,Alameda João Alves Cerqueira,66.34649380321252,0.7961579256385504,0.569559800069192,-8.8324942,41.6899031
Alameda João Alves Cerqueira,Avenida do Campo do Castelo; Alameda João Alves Cerqueira,224.33670547995516,2.692040465759462,0.24303004358680208,-8.8332083,41.68963579999999
Avenida do Campo do Castelo; Alameda João Alves Cerqueira,Alameda João Alves Cerqueira,66.34649380321252,0.7961579256385504,0.569559800069192,-8.8332083,41.68963579999999
Alameda João Alves Cerqueira,Rua Góis Pinto,58.501674833030776,0.7020200979963692,0.8241335985403186,-8.8332083,41.68963579999999
Rua Góis Pinto,Alameda João Alves Cerqueira,66.34649380321252,0.7961579256385504,0.569559800069192,-8.8332083,41.68963579999999
Avenida do Campo do Castelo; Alameda João Alves Cerqueira,Rua Góis Pinto,58.501674833030776,0.7020200979963692,0.8241335985403186,-8.8332083,41.68963579999999
Rua Góis Pinto,Avenida do Campo do Castelo; Alameda João Alves Cerqueira,224.33670547995516,2.692040465759462,0.24303004358680208,-8.8332083,41.68963579999999
Largo Infante Dom Henrique,Rua Góis Pinto,55.314553104823624,0.6637746372578834,2.8688165508581385,-8.833390600000001,41.690144000000004
Rua Góis Pinto,Largo Infante Dom Henrique,63.718095285795485,0.7646171434295459,0.7821770066569738,-8.833390600000001,41.690144000000004
Largo Infante Dom Henrique,Rua do Povoeiros,204.9648364378057,2.459578037253668,0.030772905341964526,-8.833390600000001,41.690144000000004
Rua do Povoeiros,Largo Infante Dom Henrique,63.718095285795485,0.7646171434295459,0.7821770066569738,-8.833390600000001,41.690144000000004
Rua Góis Pinto,Rua do Povoeiros,204.9648364378057,2.459578037253668,0.030772905341964526,-8.833390600000001,41.690144000000004
Rua do Povoeiros,Rua Góis Pinto,55.314553104823624,0.6637746372578834,2.8688165508581385,-8.833390600000001,41.690144000000004
Avenida do Campo do Castelo; Alameda João Alves Cerqueira,Rua do Povoeiros,204.9648364378057,2.459578037253668,0.030772905341964526,-8.8357063,41.689543199999996
Rua do Povoeiros,Avenida do Campo do Castelo; Alameda João Alves Cerqueira,224.33670547995516,2.692040465759462,0.24303004358680208,-8.8357063,41.689543199999996
Avenida do Campo do Castelo; Alameda João Alves Cerqueira,Avenida do Campo do Castelo,60.03902604872418,0.7204683125846901,2.031568123819177,-8.8357063,41.689543199999996
Avenida do Campo do Castelo,Avenida do Campo do Castelo; Alameda João Alves Cerqueira,224.33670547995516,2.692040465759462,0.24303004358680208,-8.8357063,41.689543199999996
Rua do Povoeiros,Avenida do Campo do Castelo,60.03902604872418,0.7204683125846901,2.031568123819177,-8.8357063,41.689543199999996
Avenida do Campo do Castelo,Rua do Povoeiros,204.9648364378057,2.459578037253668,0.030772905341964526,-8.8357063,41.689543199999996
Avenida do Campo do Castelo,Rua Monsenhor Daniel Machado,210.21129174960282,2.5225355009952337,0.1446476551354324,-8.8359863,41.6900403
Rua Monsenhor Daniel Machado,Avenida do Campo do Castelo,60.03902604872418,0.7204683125846901,2.031568123819177,-8.8359863,41.6900403
Praça do Eixo Atlântico,Alameda 5 de Outubro,64.44083640531444,0.7732900368637732,0.8956497235635213,-8.827610849922323,41.69138670003332
Alameda 5 de Outubro,Praça do Eixo Atlântico,87.09003834180801,1.045080460101696,2.0926889327452227,-8.827610849922323,41.69138670003332
Praça do Eixo Atlântico,Alameda João Alves Cerqueira,227.05778845960688,2.7246934615152827,0.6997824608707754,-8.82847234838217,41.69108609319779
Alameda João Alves Cerqueira,Praça do Eixo Atlântico,87.09003834180801,1.045080460101696,2.0926889327452227,-8.82847234838217,41.69108609319779
Praça do Eixo Atlântico,Avenida dos Combatentes da Grande Guerra,112.00400374466523,1.3440480449359828,1.9714319150300985,-8.82847234838217,41.69108609319779
Avenida dos Combatentes da Grande Guerra,Praça do Eixo Atlântico,87.09003834180801,1.045080460101696,2.0926889327452227,-8.82847234838217,41.69108609319779
Praça do Eixo Atlântico,Largo de João Costa; Alameda João Alves Cerqueira,121.01898638238264,1.4522278365885917,1.2593157327280151,-8.82847234838217,41.69108609319779
Largo de João Costa; Alameda João Alves Cerqueira,Praça do Eixo Atlântico,87.09003834180801,1.045080460101696,2.0926889327452227,-8.82847234838217,41.69108609319779
Alameda João Alves Cerqueira,Avenida dos Combatentes da Grande Guerra,112.00400374466523,1.3440480449359828,1.9714319150300985,-8.82847234838217,41.69108609319779
Avenida dos Combatentes da Grande Guerra,Alameda João Alves Cerqueira,227.05778845960688,2.7246934615152827,0.6997824608707754,-8.82847234838217,41.69108609319779
Alameda João Alves Cerqueira,Largo de João Costa; Alameda João Alves Cerqueira,121.01898638238264,1.4522278365885917,1.2593157327280151,-8.82847234838217,41.69108609319779
Largo de João Costa; Alameda João Alves Cerqueira,Alameda João Alves Cerqueira,227.05778845960688,2.7246934615152827,0.6997824608707754,-8.82847234838217,41.69108609319779
Avenida dos Combatentes da Grande Guerra,Largo de João Costa; Alameda João Alves Cerqueira,121.01898638238264,1.4522278365885917,1.2593157327280151,-8.82847234838217,41.69108609319779
Largo de João Costa; Alameda João Alves Cerqueira,Avenida dos Combatentes da Grande Guerra,112.00400374466523,1.3440480449359828,1.9714319150300985,-8.82847234838217,41.69108609319779
Alameda 5 de Outubro,Praça da Galizia,61.13058257380646,0.7335669908856775,0.694231780486211,-8.820677600073372,41.69497440006127
Praça da Galizia,Alameda 5 de Outubro,713.1786715146203,8.558144058175444,0.05817416811870164,-8.820677600073372,41.69497440006127
Alameda 5 de Outubro,Rua de Límia,70.38999616750878,0.8446799540101054,0.6029094401622125,-8.820677600073372,41.69497440006127
Rua de Límia,Alameda 5 de Outubro,713.1786715146203,8.558144058175444,0.05817416811870164,-8.820677600073372,41.69497440006127
Alameda 5 de Outubro,Praça da Galiza,65.82211046532365,0.7898653255838837,0.634442575275397,-8.820677600073372,41.69497440006127
Praça da Galiza,Alameda 5 de Outubro,713.1786715146203,8.558144058175444,0.05817416811870164,-8.820677600073372,41.69497440006127
Praça da Galizia,Rua de Límia,70.38999616750878,0.8446799540101054,0.6029094401622125,-8.820677600073372,41.69497440006127
Rua de Límia,Praça da Galizia,61.13058257380646,0.7335669908856775,0.694231780486211,-8.820677600073372,41.69497440006127
Praça da Galizia,Praça da Galiza,65.82211046532365,0.7898653255838837,0.634442575275397,-8.820677600073372,41.69497440006127
Praça da Galiza,Praça da Galizia,61.13058257380646,0.7335669908856775,0.694231780486211,-8.820677600073372,41.69497440006127
Rua de Límia,Praça da Galiza,65.82211046532365,0.7898653255838837,0.634442575275397,-8.820677600073372,41.69497440006127
Praça da Galiza,Rua de Límia,70.38999616750878,0.8446799540101054,0.6029094401622125,-8.820677600073372,41.69497440006127
Avenida dos Combatentes da Grande Guerra,Rua da Picota; Rua Manuel Espregueira,193.48100184595745,2.3217720221514893,0.6685777843763212,-8.828772639215158,41.69198595599634
Rua da Picota; Rua Manuel Espregueira,Avenida dos Combatentes da Grande Guerra,56.5410843830346,0.6784930125964153,1.3974898009576384,-8.828772639215158,41.69198595599634
Avenida dos Combatentes da Grande Guerra,Rua do Anjinho,173.0590845052149,2.076709014062579,0.08163999010398947,-8.828772639215158,41.69198595599634
Rua do Anjinho,Avenida dos Combatentes da Grande Guerra,56.5410843830346,0.6784930125964153,1.3974898009576384,-8.828772639215158,41.69198595599634
Avenida dos Combatentes da Grande Guerra,Rua dos Manjovos,190.00107611582925,2.280012913389951,1.6445312717268168,-8.828772639215158,41.69198595599634
Rua dos Manjovos,Avenida dos Combatentes da Grande Guerra,56.5410843830346,0.6784930125964153,1.3974898009576384,-8.828772639215158,41.69198595599634
Rua da Picota; Rua Manuel Espregueira,Rua do Anjinho,173.0590845052149,2.076709014062579,0.08163999010398947,-8.828772639215158,41.69198595599634
Rua do Anjinho,Rua da Picota; Rua Manuel Espregueira,193.48100184595745,2.3217720221514893,0.6685777843763212,-8.828772639215158,41.69198595599634
Rua da Picota; Rua Manuel Espregueira,Rua dos Manjovos,190.00107611582925,2.280012913389951,1.6445312717268168,-8.828772639215158,41.69198595599634
Rua dos Manjovos,Rua da Picota; Rua Manuel Espregueira,193.48100184595745,2.3217720221514893,0.6685777843763212,-8.828772639215158,41.69198595599634
Rua do Anjinho,Rua dos Manjovos,190.00107611582925,2.280012913389951,1.6445312717268168,-8.828772639215158,41.69198595599634
Rua dos Manjovos,Rua do Anjinho,173.0590845052149,2.076709014062579,0.08163999010398947,-8.828772639215158,41.69198595599634
Praça da Galizia,Rua de Límia,70.38999616750878,0.8446799540101054,0.6029094401622125,-8.820220699845693,41.69522320011019
Rua de Límia,Praça da Galizia,61.13058257380646,0.7335669908856775,0.694231780486211,-8.820220699845693,41.69522320011019
Praça da Galizia,Estrada da Papanata; Praça da Galizia,96.1348920288768,1.1536187043465216,0.7796830741867559,-8.820220699845693,41.69522320011019
Estrada da Papanata; Praça da Galizia,Praça da Galizia,61.13058257380646,0.7335669908856775,0.694231780486211,-8.820220699845693,41.69522320011019
Rua de Límia,Estrada da Papanata; Praça da Galizia,96.1348920288768,1.1536187043465216,0.7796830741867559,-8.820220699845693,41.69522320011019
Estrada da Papanata; Praça da Galizia,Rua de Límia,70.38999616750878,0.8446799540101054,0.6029094401622125,-8.820220699845693,41.69522320011019
Rua da Picota; Rua Manuel Espregueira,Avenida dos Combatentes da Grande Guerra,32.244415549895194,0.38693298659874237,1.5612474257691642,-8.8293227,41.692671
Avenida dos Combatentes da Grande Guerra,Rua da Picota; Rua Manuel Espregueira,193.48100184595745,2.3217720221514893,0.6685777843763212,-8.8293227,41.692671
Avenida dos Combatentes da Grande Guerra,Travessa Luís Jácome,62.40742202486255,0.7488890642983506,5.599482269000929,-8.829123,41.69242229999998
Travessa Luís Jácome,Avenida dos Combatentes da Grande Guerra,32.244415549895194,0.38693298659874237,1.5612474257691642,-8.829123,41.69242229999998
Rua do Anjinho,Rua de Santa Clara,45.93474817306832,0.5512169780768198,7.109895368319904,-8.8306094,41.6915092
Rua de Santa Clara,Rua do Anjinho,173.0590845052149,2.076709014062579,0.08163999010398947,-8.8306094,41.6915092
Estrada da Papanata; Praça da Galizia,Estrada da Papanata,51.9127441539217,0.6229529298470603,0.22173684700972224,-8.8206549,41.6959844
Estrada da Papanata,Estrada da Papanata; Praça da Galizia,96.1348920288768,1.1536187043465216,0.7796830741867559,-8.8206549,41.6959844
Estrada da Papanata; Praça da Galizia,Praça da Galiza,113.1277677653313,1.3575332131839755,0.4180633097402699,-8.8206549,41.6959844
Praça da Galiza,Estrada da Papanata; Praça da Galizia,96.1348920288768,1.1536187043465216,0.7796830741867559,-8.8206549,41.6959844
Estrada da Papanata,Praça da Galiza,113.1277677653313,1.3575332131839755,0.4180633097402699,-8.8206549,41.6959844
Praça da Galiza,Estrada da Papanata,51.9127441539217,0.6229529298470603,0.22173684700972224,-8.8206549,41.6959844
Rua de Límia,Rua da Argaçosa,227.51202138426098,2.7301442566111316,0.14999445933913577,-8.818198999960416,41.69659910000476
Rua da Argaçosa,Rua de Límia,314.52810758115425,3.774337290973851,0.16640857354158287,-8.818198999960416,41.69659910000476
Avenida dos Combatentes da Grande Guerra,Rua General Luís do Rego,51.583988781587415,0.619007865379049,3.8195271078333577,-8.8302137,41.69378079999999
Rua General Luís do Rego,Avenida dos Combatentes da Grande Guerra,91.25645784759539,1.0950774941711445,3.411430456590621,-8.8302137,41.69378079999999
Avenida dos Combatentes da Grande Guerra,Rua Cândido dos Reis; Rua Nova de Santana,362.0719677833972,4.344863613400767,0.14838408999407737,-8.8302137,41.69378079999999
Rua Cândido dos Reis; Rua Nova de Santana,Avenida dos Combatentes da Grande Guerra,91.25645784759539,1.0950774941711445,3.411430456590621,-8.8302137,41.69378079999999
Rua General Luís do Rego,Rua Cândido dos Reis; Rua Nova de Santana,362.0719677833972,4.344863613400767,0.14838408999407737,-8.8302137,41.69378079999999
Rua Cândido dos Reis; Rua Nova de Santana,Rua General Luís do Rego,51.583988781587415,0.619007865379049,3.8195271078333577,-8.8302137,41.69378079999999
Rua de Santa Clara,Travessa Luís Jácome,86.56726971197578,1.0388072365437095,1.5815056232666806,-8.8307909,41.6919321
Travessa Luís Jácome,Rua de Santa Clara,49.38030919929233,0.592563710391508,5.618224765184005,-8.8307909,41.6919321
Estrada da Papanata,Rua da Argaçosa,227.51202138426098,2.7301442566111316,0.14999445933913577,-8.820478714433943,41.69640467144436
Rua da Argaçosa,Estrada da Papanata,51.9127441539217,0.6229529298470603,0.22173684700972224,-8.820478714433943,41.69640467144436
Estrada da Papanata,Rua Tenente Coronel Afonso do Paço,118.18175928907313,1.4181811114688774,4.612831727133906,-8.820478714433943,41.69640467144436
Rua Tenente Coronel Afonso do Paço,Estrada da Papanata,51.9127441539217,0.6229529298470603,0.22173684700972224,-8.820478714433943,41.69640467144436
Rua da Argaçosa,Rua Tenente Coronel Afonso do Paço,118.18175928907313,1.4181811114688774,4.612831727133906,-8.820478714433943,41.69640467144436
Rua Tenente Coronel Afonso do Paço,Rua da Argaçosa,227.51202138426098,2.7301442566111316,0.14999445933913577,-8.820478714433943,41.69640467144436
Campo da Agonia,Avenida do Campo do Castelo,137.32041488868177,1.6478449786641813,1.2727381452127322,-8.836779650312584,41.69193853089013
Avenida do Campo do Castelo,Campo da Agonia,172.2092294520239,2.0665107534242866,0.8747482652978955,-8.836779650312584,41.69193853089013
Campo da Agonia,Avenida do Batalhão de Caçadores 9,114.53143833511307,1.3743772600213566,2.093505747519804,-8.836779650312584,41.69193853089013
Avenida do Batalhão de Caçadores 9,Campo da Agonia,172.2092294520239,2.0665107534242866,0.8747482652978955,-8.836779650312584,41.69193853089013
Campo da Agonia,Praça General Barbosa,65.53275093475904,0.7863930112171084,2.1191753301700724,-8.836779650312584,41.69193853089013
Praça General Barbosa,Campo da Agonia,172.2092294520239,2.0665107534242866,0.8747482652978955,-8.836779650312584,41.69193853089013
Avenida do Campo do Castelo,Avenida do Batalhão de Caçadores 9,114.53143833511307,1.3743772600213566,2.093505747519804,-8.836779650312584,41.69193853089013
Avenida do Batalhão de Caçadores 9,Avenida do Campo do Castelo,137.32041488868177,1.6478449786641813,1.2727381452127322,-8.836779650312584,41.69193853089013
Avenida do Campo do Castelo,Praça General Barbosa,65.53275093475904,0.7863930112171084,2.1191753301700724,-8.836779650312584,41.69193853089013
Praça General Barbosa,Avenida do Campo do Castelo,137.32041488868177,1.6478449786641813,1.2727381452127322,-8.836779650312584,41.69193853089013
Avenida do Batalhão de Caçadores 9,Praça General Barbosa,65.53275093475904,0.7863930112171084,2.1191753301700724,-8.836779650312584,41.69193853089013
Praça General Barbosa,Avenida do Batalhão de Caçadores 9,114.53143833511307,1.3743772600213566,2.093505747519804,-8.836779650312584,41.69193853089013
Avenida do Campo do Castelo,Avenida do Campo do Castelo; Alameda Alves Cerqueira,103.08791818380394,1.237055018205647,1.0102854228779334,-8.8360438,41.68994319999999
Avenida do Campo do Castelo; Alameda Alves Cerqueira,Avenida do Campo do Castelo,241.44482223508976,2.8973378668210774,1.6609087128144,-8.8360438,41.68994319999999
Avenida do Batalhão de Caçadores 9,Rua do Penedo,250.80478493923908,3.009657419270869,0.3396859985364862,-8.837328154162579,41.692800057711565
Rua do Penedo,Avenida do Batalhão de Caçadores 9,114.53143833511307,1.3743772600213566,2.093505747519804,-8.837328154162579,41.692800057711565
Praça General Barbosa,Largo São Domingos,75.83107078420883,0.909972849410506,0.2493565937154425,-8.834798549996956,41.69171360000611
Largo São Domingos,Praça General Barbosa,76.2744515373176,0.9152934184478112,2.140788240255881,-8.834798549996956,41.69171360000611
Praça General Barbosa,Rua Cónego Domingos Borlido,90.71504152462987,1.0885804982955583,0.38401839427777323,-8.834798549996956,41.69171360000611
Rua Cónego Domingos Borlido,Praça General Barbosa,76.2744515373176,0.9152934184478112,2.140788240255881,-8.834798549996956,41.69171360000611
Largo São Domingos,Rua Cónego Domingos Borlido,90.71504152462987,1.0885804982955583,0.38401839427777323,-8.834798549996956,41.69171360000611
Rua Cónego Domingos Borlido,Largo São Domingos,75.83107078420883,0.909972849410506,0.2493565937154425,-8.834798549996956,41.69171360000611
Rua de Monserrate,Rua Dona Amélia de Morais,261.2391707028145,3.134870048433774,7.074964016379975,-8.838876543792761,41.692733803592176
Rua Dona Amélia de Morais,Rua de Monserrate,73.66742804352508,0.884009136522301,2.276004380347753,-8.838876543792761,41.692733803592176
Avenida do Campo do Castelo; Alameda Alves Cerqueira,Alameda João Alves Cerqueira,500.1861964508599,6.002234357410319,0.07557605637622479,-8.835332,41.689260899999994
Alameda João Alves Cerqueira,Avenida do Campo do Castelo; Alameda Alves Cerqueira,103.08791818380394,1.237055018205647,1.0102854228779334,-8.835332,41.689260899999994
Avenida do Campo do Castelo; Alameda Alves Cerqueira,Rua dos Mareantes,133.40442835280328,1.6008531402336394,0.7604517419789023,-8.835332,41.689260899999994
Rua dos Mareantes,Avenida do Campo do Castelo; Alameda Alves Cerqueira,103.08791818380394,1.237055018205647,1.0102854228779334,-8.835332,41.689260899999994
Alameda João Alves Cerqueira,Rua dos Mareantes,133.40442835280328,1.6008531402336394,0.7604517419789023,-8.835332,41.689260899999994
Rua dos Mareantes,Alameda João Alves Cerqueira,500.1861964508599,6.002234357410319,0.07557605637622479,-8.835332,41.689260899999994
Rua do Penedo,Praça General Barbosa,44.19547103835476,0.5303456524602571,2.4170158850754557,-8.835163400000537,41.69268100000897
Praça General Barbosa,Rua do Penedo,250.80478493923908,3.009657419270869,0.3396859985364862,-8.835163400000537,41.69268100000897
Rua do Penedo,Rua de São Tiago,192.95739753737152,2.315488770448458,0.47051681206914636,-8.835163400000537,41.69268100000897
Rua de São Tiago,Rua do Penedo,250.80478493923908,3.009657419270869,0.3396859985364862,-8.835163400000537,41.69268100000897
Praça General Barbosa,Rua de São Tiago,192.95739753737152,2.315488770448458,0.47051681206914636,-8.835163400000537,41.69268100000897
Rua de São Tiago,Praça General Barbosa,44.19547103835476,0.5303456524602571,2.4170158850754557,-8.835163400000537,41.69268100000897
Largo São Domingos,Rua Góis Pinto,62.215690168137925,0.746588282017655,1.5653597377759085,-8.8339037,41.6915846
Rua Góis Pinto,Largo São Domingos,75.83107078420883,0.909972849410506,0.2493565937154425,-8.8339037,41.6915846
Largo São Domingos,Largo São Domingos; Rua de Altamira,172.954640144359,2.075455681732308,0.14275258553658748,-8.8339037,41.6915846
Largo São Domingos; Rua de Altamira,Largo São Domingos,75.83107078420883,0.909972849410506,0.2493565937154425,-8.8339037,41.6915846
Rua Góis Pinto,Largo São Domingos; Rua de Altamira,172.954640144359,2.075455681732308,0.14275258553658748,-8.8339037,41.6915846
Largo São Domingos; Rua de Altamira,Rua Góis Pinto,62.215690168137925,0.746588282017655,1.5653597377759085,-8.8339037,41.6915846
Praça General Barbosa,Rua General Luís do Rego,220.2352055837556,2.6428224670050673,0.10682389486244952,-8.8349587,41.69234989999999
Rua General Luís do Rego,Praça General Barbosa,44.19547103835476,0.5303456524602571,2.4170158850754557,-8.8349587,41.69234989999999
Rua Dona Amélia de Morais,Rua de São José,120.65837253735295,1.4479004704482352,5.398760999703706,-8.837312885569196,41.69457888237635
Rua de São José,Rua Dona Amélia de Morais,261.2391707028145,3.134870048433774,7.074964016379975,-8.837312885569196,41.69457888237635
Rua Dona Amélia de Morais,Rua Santa Teresa,167.89343178147868,2.014721181377744,4.884996149031433,-8.837312885569196,41.69457888237635
Rua Santa Teresa,Rua Dona Amélia de Morais,261.2391707028145,3.134870048433774,7.074964016379975,-8.837312885569196,41.69457888237635
Rua Dona Amélia de Morais,Rua de São José; Rua Portela de Baixo,310.8249090951811,3.7298989091421735,4.582353273877315,-8.837312885569196,41.69457888237635
Rua de São José; Rua Portela de Baixo,Rua Dona Amélia de Morais,261.2391707028145,3.134870048433774,7.074964016379975,-8.837312885569196,41.69457888237635
Rua de São José,Rua Santa Teresa,167.89343178147868,2.014721181377744,4.884996149031433,-8.837312885569196,41.69457888237635
Rua Santa Teresa,Rua de São José,120.65837253735295,1.4479004704482352,5.398760999703706,-8.837312885569196,41.69457888237635
Rua de São José,Rua de São José; Rua Portela de Baixo,310.8249090951811,3.7298989091421735,4.582353273877315,-8.837312885569196,41.69457888237635
Rua de São José; Rua Portela de Baixo,Rua de São José,120.65837253735295,1.4479004704482352,5.398760999703706,-8.837312885569196,41.69457888237635
Rua Santa Teresa,Rua de São José; Rua Portela de Baixo,310.8249090951811,3.7298989091421735,4.582353273877315,-8.837312885569196,41.69457888237635
Rua de São José; Rua Portela de Baixo,Rua Santa Teresa,167.89343178147868,2.014721181377744,4.884996149031433,-8.837312885569196,41.69457888237635
Alameda João Alves Cerqueira,Largo de João Costa; Alameda João Alves Cerqueira,121.01898638238264,1.4522278365885917,1.2593157327280151,-8.8298252,41.69084269999999
Largo de João Costa; Alameda João Alves Cerqueira,Alameda João Alves Cerqueira,500.1861964508599,6.002234357410319,0.07557605637622479,-8.8298252,41.69084269999999
Rua de São Tiago,Largo 9 de Abril,42.36542192355862,0.5083850630827034,1.8126812459676165,-8.8331061,41.69332729999999
Largo 9 de Abril,Rua de São Tiago,192.95739753737152,2.315488770448458,0.47051681206914636,-8.8331061,41.69332729999999
Avenida do Batalhão de Caçadores 9,Avenida Conde da Carreira,36.17634111994887,0.43411609343938645,2.1368524994701636,-8.8334417,41.6937024
Avenida Conde da Carreira,Avenida do Batalhão de Caçadores 9,113.26293746707307,1.3591552496048769,2.8990189520572063,-8.8334417,41.6937024
Rua Góis Pinto,Rua Frei Bartolomeu dos Mártires,89.02039839412359,1.0682447807294833,0.915101154815053,-8.8337279,41.691040699999995
Rua Frei Bartolomeu dos Mártires,Rua Góis Pinto,48.26124804202636,0.5791349765043163,1.9286516942344678,-8.8337279,41.691040699999995
Largo São Domingos; Rua de Altamira,Rua do Loureiro,76.451537453514,0.917418449442168,2.29221896151399,-8.83199719989339,41.69110545001663
Rua do Loureiro,Largo São Domingos; Rua de Altamira,172.954640144359,2.075455681732308,0.14275258553658748,-8.83199719989339,41.69110545001663
Largo São Domingos; Rua de Altamira,Rua de Olivença,85.98797245489004,1.0318556694586805,4.161184943133148,-8.83199719989339,41.69110545001663
Rua de Olivença,Largo São Domingos; Rua de Altamira,172.954640144359,2.075455681732308,0.14275258553658748,-8.83199719989339,41.69110545001663
Rua do Loureiro,Rua de Olivença,85.98797245489004,1.0318556694586805,4.161184943133148,-8.83199719989339,41.69110545001663
Rua de Olivença,Rua do Loureiro,76.451537453514,0.917418449442168,2.29221896151399,-8.83199719989339,41.69110545001663
Rua de Monserrate,Rua da Escola Industrial e Comercial,372.98602428158455,4.475832291379015,1.5871989113902036,-8.840138242488315,41.69376513200318
Rua da Escola Industrial e Comercial,Rua de Monserrate,96.91288025330228,1.1629545630396272,0.37579614705828635,-8.840138242488315,41.69376513200318
Avenida 25 de Abril,Rua Domingos José de Morais,109.35886662838479,1.3123063995406175,7.430197554621805,-8.834567300011212,41.695077200008654
Rua Domingos José de Morais,Avenida 25 de Abril,86.63570624756886,1.0396284749708262,2.8077545745630106,-8.834567300011212,41.695077200008654
Rua de São José,Rua da Cidade de Riom,56.79246045440521,0.6815095254528625,6.304180781735592,-8.83798676452644,41.69551621663233
Rua da Cidade de Riom,Rua de São José,109.555475522311,1.314665706267732,5.552570615571593,-8.83798676452644,41.69551621663233
Rua Santa Teresa,Rua Bernardo Abrunhosa,52.07106889175072,0.6248528267010086,6.802329333060536,-8.835578000000002,41.695013199999984
Rua Bernardo Abrunhosa,Rua Santa Teresa,167.89343178147868,2.014721181377744,4.884996149031433,-8.835578000000002,41.695013199999984
Rua de São José; Rua Portela de Baixo,Rua Portela de Baixo,45.83680610358899,0.550041673243068,9.004871210752418,-8.8343814,41.69392719999999
Rua Portela de Baixo,Rua de São José; Rua Portela de Baixo,310.8249090951811,3.7298989091421735,4.582353273877315,-8.8343814,41.69392719999999
Rua da Escola Industrial e Comercial,Avenida do Atlântico,137.59313879077237,1.6511176654892683,1.0853888602410957,-8.8430915,41.69300799999999
Avenida do Atlântico,Rua da Escola Industrial e Comercial,372.98602428158455,4.475832291379015,1.5871989113902036,-8.8430915,41.69300799999999
Avenida 25 de Abril,Rua Dom Moisés Alves de Pinho (Missionário),139.28438914774733,1.6714126697729679,8.328751598320181,-8.833629050066333,41.69541540005485
Rua Dom Moisés Alves de Pinho (Missionário),Avenida 25 de Abril,86.63570624756886,1.0396284749708262,2.8077545745630106,-8.833629050066333,41.69541540005485
Rua Domingos José de Morais,Rua dos Santos Mártires,68.74100496484691,0.8248920595781628,1.5166390839517105,-8.8353928,41.695781
Rua dos Santos Mártires,Rua Domingos José de Morais,109.35886662838479,1.3123063995406175,7.430197554621805,-8.8353928,41.695781
Rua da Cidade de Riom,Rua do Sport Club Vianense,50.36548463824841,0.6043858156589809,2.2378458309074203,-8.8386381,41.6956454
Rua do Sport Club Vianense,Rua da Cidade de Riom,52.9186946482512,0.6350243357790144,5.558025586559411,-8.8386381,41.6956454
Rua Bernardo Abrunhosa,Rua dos Santos Mártires,70.21332248457821,0.8425598698149386,1.0444093630823632,-8.8360122,41.69535110000001
Rua dos Santos Mártires,Rua Bernardo Abrunhosa,52.07106889175072,0.6248528267010086,6.802329333060536,-8.8360122,41.69535110000001
Avenida Conde da Carreira,Rua Portela de Baixo,45.83680610358899,0.550041673243068,9.004871210752418,-8.833865036122923,41.694017531489294
Rua Portela de Baixo,Avenida Conde da Carreira,49.907657475870664,0.5988918897104479,1.3202254293815363,-8.833865036122923,41.694017531489294
Avenida Conde da Carreira,Avenida General Humberto Delgado,274.5756420310807,3.294907704372968,4.48634684076976,-8.833865036122923,41.694017531489294
Avenida General Humberto Delgado,Avenida Conde da Carreira,49.907657475870664,0.5988918897104479,1.3202254293815363,-8.833865036122923,41.694017531489294
Rua Portela de Baixo,Avenida General Humberto Delgado,274.5756420310807,3.294907704372968,4.48634684076976,-8.833865036122923,41.694017531489294
Avenida General Humberto Delgado,Rua Portela de Baixo,45.83680610358899,0.550041673243068,9.004871210752418,-8.833865036122923,41.694017531489294
Avenida do Atlântico,Avenida de Angola,196.21204030222347,2.354544483626682,0.8911330609602551,-8.8447429,41.6931107
Avenida de Angola,Avenida do Atlântico,137.59313879077237,1.6511176654892683,1.0853888602410957,-8.8447429,41.6931107
Avenida de Angola,Rua Doutor Pedro Barbosa,133.71506141934486,1.6045807370321383,2.1653596367509245,-8.8454595,41.6947067
Rua Doutor Pedro Barbosa,Avenida de Angola,196.21204030222347,2.354544483626682,0.8911330609602551,-8.8454595,41.6947067
Avenida da Abelheira,Rua António Machado Vilas Boas,228.02570414763386,2.7363084497716064,5.826298250342162,-8.829377280590801,41.70382611648884
Rua António Machado Vilas Boas,Avenida da Abelheira,77.57114258566952,0.9308537110280343,2.247387651741535,-8.829377280590801,41.70382611648884
Avenida General Humberto Delgado,Estrada de Santa Luzia,54.64954092694114,0.6557944911232938,4.909406546040683,-8.83138928187519,41.69621068808631
Estrada de Santa Luzia,Avenida General Humberto Delgado,64.91425059010814,0.7789710070812976,3.5028216349228773,-8.83138928187519,41.69621068808631
Rua António Machado Vilas Boas,Rua João Castelão Pereira,69.58978697328396,0.8350774436794076,5.991392610134937,-8.8278941,41.7021404
Rua João Castelão Pereira,Rua António Machado Vilas Boas,51.03615315139303,0.6124338378167163,0.756075572667841,-8.8278941,41.7021404
Avenida da Abelheira,Rua Padre Himalaia,212.24736673219184,2.546968400786302,1.2615454726828057,-8.8290801,41.70445369999999
Rua Padre Himalaia,Avenida da Abelheira,77.57114258566952,0.9308537110280343,2.247387651741535,-8.8290801,41.70445369999999
Avenida 25 de Abril,Rua Ernesto Roma,70.88848204654276,0.8506617845585132,1.5085677623219234,-8.829306092451638,41.69706369753298
Rua Ernesto Roma,Avenida 25 de Abril,146.39001644095939,1.7566801972915127,2.185059208276545,-8.829306092451638,41.69706369753298
Rua da Cidade de Riom,Largo Cidade da Baía,110.36659058313485,1.324399086997618,5.255027921142561,-8.839246900057148,41.69573250011449
Largo Cidade da Baía,Rua da Cidade de Riom,52.9186946482512,0.6350243357790144,5.558025586559411,-8.839246900057148,41.69573250011449
Rua da Cidade de Riom,Largo Cidade da Baía,110.36659058313485,1.324399086997618,5.255027921142561,-8.839847699989452,41.69569885000103
Largo Cidade da Baía,Rua da Cidade de Riom,54.47863076489475,0.653743569178737,6.516927781083427,-8.839847699989452,41.69569885000103
Rua da Cidade de Riom,Largo de João Rocha,175.7140187811919,2.1085682253743028,0.0,-8.839847699989452,41.69569885000103
Largo de João Rocha,Rua da Cidade de Riom,54.47863076489475,0.653743569178737,6.516927781083427,-8.839847699989452,41.69569885000103
Largo Cidade da Baía,Largo de João Rocha,175.7140187811919,2.1085682253743028,0.0,-8.839847699989452,41.69569885000103
Largo de João Rocha,Largo Cidade da Baía,110.36659058313485,1.324399086997618,5.255027921142561,-8.839847699989452,41.69569885000103
Rua da Cidade de Riom,Rua de Lencastre; Rua Cidade do Recife,373.1468252419937,4.477761902903925,1.488127955551682,-8.8404103,41.695564799999985
Rua de Lencastre; Rua Cidade do Recife,Rua da Cidade de Riom,54.47863076489475,0.653743569178737,6.516927781083427,-8.8404103,41.695564799999985
Rua do Sport Club Vianense,Rua Aleixo Queirós Ribeiro,98.70813558039329,1.1844976269647196,5.62598670001919,-8.8403205,41.69807139999999
Rua Aleixo Queirós Ribeiro,Rua do Sport Club Vianense,253.49519048698124,3.041942285843775,0.6047079534994174,-8.8403205,41.69807139999999
Rua de Lencastre; Rua Cidade do Recife,Rua da Cidade de Riom,76.84106697364852,0.9220928036837822,0.5398697184394572,-8.8415364,41.696163399999996
Rua da Cidade de Riom,Rua de Lencastre; Rua Cidade do Recife,373.1468252419937,4.477761902903925,1.488127955551682,-8.8415364,41.696163399999996
Rua da Cidade de Riom,Rua de Ourense,100.63559352591474,1.2076271223109767,3.758146431202651,-8.8422261,41.696624199999995
Rua de Ourense,Rua da Cidade de Riom,76.84106697364852,0.9220928036837822,0.5398697184394572,-8.8422261,41.696624199999995
Avenida 25 de Abril,Avenida Capitão Gaspar de Castro,42.36608304903153,0.5083929965883783,0.49253942648906013,-8.826898099895748,41.69759115004224
Avenida Capitão Gaspar de Castro,Avenida 25 de Abril,52.135582902486185,0.6256269948298342,0.4002442302522487,-8.826898099895748,41.69759115004224
Avenida 25 de Abril,Rua Manuel Fiúza Júnior,94.85285802812777,1.1382342963375334,2.02027830637042,-8.824188333308166,41.69720598340335
Rua Manuel Fiúza Júnior,Avenida 25 de Abril,86.73952907938951,1.0408743489526742,0.9821755340678122,-8.824188333308166,41.69720598340335
Avenida 25 de Abril,Rua José Espregueira,219.78635978157988,2.637436317378959,3.009754480866345,-8.824188333308166,41.69720598340335
Rua José Espregueira,Avenida 25 de Abril,86.73952907938951,1.0408743489526742,0.9821755340678122,-8.824188333308166,41.69720598340335
Rua Manuel Fiúza Júnior,Rua José Espregueira,219.78635978157988,2.637436317378959,3.009754480866345,-8.824188333308166,41.69720598340335
Rua José Espregueira,Rua Manuel Fiúza Júnior,94.85285802812777,1.1382342963375334,2.02027830637042,-8.824188333308166,41.69720598340335
Avenida 25 de Abril,Avenida Capitão Gaspar de Castro,42.36608304903153,0.5083929965883783,0.49253942648906013,-8.8272896,41.697485800000024
Avenida Capitão Gaspar de Castro,Avenida 25 de Abril,31.67818695291519,0.38013824343498226,2.560464051739922,-8.8272896,41.697485800000024
Rua Manuel Fiúza Júnior,Rua João Rocha Paris,203.65241880554925,2.4438290256665907,1.5126125241036121,-8.8233842,41.69781029999999
Rua João Rocha Paris,Rua Manuel Fiúza Júnior,79.13501317317932,0.9496201580781518,0.37374361892820723,-8.8233842,41.69781029999999
Rua José Espregueira,Avenida Capitão Gaspar de Castro,89.36216952120272,1.0723460342544326,0.22404932728624644,-8.825836964473408,41.69863249555778
Avenida Capitão Gaspar de Castro,Rua José Espregueira,219.78635978157988,2.637436317378959,3.009754480866345,-8.825836964473408,41.69863249555778
Rua José Espregueira,Rua Guerra Junqueiro,232.35091140888062,2.7882109369065673,4.4887178666692655,-8.825836964473408,41.69863249555778
Rua Guerra Junqueiro,Rua José Espregueira,219.78635978157988,2.637436317378959,3.009754480866345,-8.825836964473408,41.69863249555778
Avenida Capitão Gaspar de Castro,Rua Guerra Junqueiro,232.35091140888062,2.7882109369065673,4.4887178666692655,-8.825836964473408,41.69863249555778
Rua Guerra Junqueiro,Avenida Capitão Gaspar de Castro,89.36216952120272,1.0723460342544326,0.22404932728624644,-8.825836964473408,41.69863249555778
Avenida 25 de Abril,Rua da Bandeira,139.22872949406607,1.6707447539287927,0.8011125726077052,-8.8233877,41.696715099999984
Rua da Bandeira,Avenida 25 de Abril,86.73952907938951,1.0408743489526742,0.9821755340678122,-8.8233877,41.696715099999984
Avenida 25 de Abril,Avenida Capitão Gaspar de Castro,115.15512541939819,1.3818615050327783,0.31080365745704897,-8.8276608,41.6974206
Avenida Capitão Gaspar de Castro,Avenida 25 de Abril,31.67818695291519,0.38013824343498226,2.560464051739922,-8.8276608,41.6974206
Rua Manuel Fiúza Júnior,Rua São João de Deus,150.91560712713851,1.8109872855256621,2.2371669298067567,-8.82269340013324,41.698300200052806
Rua São João de Deus,Rua Manuel Fiúza Júnior,79.13501317317932,0.9496201580781518,0.37374361892820723,-8.82269340013324,41.698300200052806
Rua Manuel Fiúza Júnior,Quelha das Trincheiras,96.34702701371052,1.1561643241645263,1.4085387686878919,-8.82269340013324,41.698300200052806
Quelha das Trincheiras,Rua Manuel Fiúza Júnior,79.13501317317932,0.9496201580781518,0.37374361892820723,-8.82269340013324,41.698300200052806
Rua São João de Deus,Quelha das Trincheiras,96.34702701371052,1.1561643241645263,1.4085387686878919,-8.82269340013324,41.698300200052806
Quelha das Trincheiras,Rua São João de Deus,150.91560712713851,1.8109872855256621,2.2371669298067567,-8.82269340013324,41.698300200052806
Rua João Rocha Paris,Rua São João de Deus,69.9237641850582,0.8390851702206984,1.5005977678820333,-8.8237239,41.69928559999999
Rua São João de Deus,Rua João Rocha Paris,203.65241880554925,2.4438290256665907,1.5126125241036121,-8.8237239,41.69928559999999
Rua Guerra Junqueiro,Rua Camilo Castelo Branco,65.86792509496296,0.7904151011395555,0.7054140089809112,-8.8270835,41.700435899999995
Rua Camilo Castelo Branco,Rua Guerra Junqueiro,232.35091140888062,2.7882109369065673,4.4887178666692655,-8.8270835,41.700435899999995
Rua Guerra Junqueiro,Rua Engenheiro João Branco,67.35010682643745,0.8082012819172494,8.854396740334897,-8.8270835,41.700435899999995
Rua Engenheiro João Branco,Rua Guerra Junqueiro,232.35091140888062,2.7882109369065673,4.4887178666692655,-8.8270835,41.700435899999995
Rua Guerra Junqueiro,Rua Ernesto Roma,88.74588801690787,1.0649506562028945,0.794059041688275,-8.8270835,41.700435899999995
Rua Ernesto Roma,Rua Guerra Junqueiro,232.35091140888062,2.7882109369065673,4.4887178666692655,-8.8270835,41.700435899999995
Rua Camilo Castelo Branco,Rua Engenheiro João Branco,67.35010682643745,0.8082012819172494,8.854396740334897,-8.8270835,41.700435899999995
Rua Engenheiro João Branco,Rua Camilo Castelo Branco,65.86792509496296,0.7904151011395555,0.7054140089809112,-8.8270835,41.700435899999995
Rua Camilo Castelo Branco,Rua Ernesto Roma,88.74588801690787,1.0649506562028945,0.794059041688275,-8.8270835,41.700435899999995
Rua Ernesto Roma,Rua Camilo Castelo Branco,65.86792509496296,0.7904151011395555,0.7054140089809112,-8.8270835,41.700435899999995
Rua Engenheiro João Branco,Rua Ernesto Roma,88.74588801690787,1.0649506562028945,0.794059041688275,-8.8270835,41.700435899999995
Rua Ernesto Roma,Rua Engenheiro João Branco,67.35010682643745,0.8082012819172494,8.854396740334897,-8.8270835,41.700435899999995
Avenida Capitão Gaspar de Castro,Rua São João de Deus,69.9237641850582,0.8390851702206984,1.5005977678820333,-8.82429754999413,41.699745850002074
Rua São João de Deus,Avenida Capitão Gaspar de Castro,48.30330281156894,0.5796396337388273,2.1625682777044672,-8.82429754999413,41.699745850002074
Avenida Capitão Gaspar de Castro,Rua de Valença,40.581848815603344,0.4869821857872402,5.095385094258812,-8.82429754999413,41.699745850002074
Rua de Valença,Avenida Capitão Gaspar de Castro,48.30330281156894,0.5796396337388273,2.1625682777044672,-8.82429754999413,41.699745850002074
Rua São João de Deus,Rua de Valença,40.581848815603344,0.4869821857872402,5.095385094258812,-8.82429754999413,41.699745850002074
Rua de Valença,Rua São João de Deus,69.9237641850582,0.8390851702206984,1.5005977678820333,-8.82429754999413,41.699745850002074
Avenida 25 de Abril,Rua do Carmo,162.14730575979402,1.9457676691175283,2.8107134124160646,-8.822588665135939,41.69614366727603
Rua do Carmo,Avenida 25 de Abril,91.93336304229328,1.1032003565075195,0.18294410104841458,-8.822588665135939,41.69614366727603
Avenida 25 de Abril,Estrada da Papanata; Rua do Carmo,138.97510905393355,1.6677013086472026,0.20732475655531746,-8.822588665135939,41.69614366727603
Estrada da Papanata; Rua do Carmo,Avenida 25 de Abril,91.93336304229328,1.1032003565075195,0.18294410104841458,-8.822588665135939,41.69614366727603
Rua do Carmo,Estrada da Papanata; Rua do Carmo,138.97510905393355,1.6677013086472026,0.20732475655531746,-8.822588665135939,41.69614366727603
Estrada da Papanata; Rua do Carmo,Rua do Carmo,162.14730575979402,1.9457676691175283,2.8107134124160646,-8.822588665135939,41.69614366727603
Rua da Bandeira,Quelha das Trincheiras,80.75261212541345,0.9690313455049613,0.4203819838095082,-8.8222196,41.6976068
Quelha das Trincheiras,Rua da Bandeira,139.22872949406607,1.6707447539287927,0.8011125726077052,-8.8222196,41.6976068
Rua Manuel Fiúza Júnior,Rua da Bandeira,208.09023300476179,2.4970827960571413,0.08931411890226962,-8.821144949825442,41.699212950046835
Rua da Bandeira,Rua Manuel Fiúza Júnior,180.35527441208114,2.1642632929449737,0.64940228316271,-8.821144949825442,41.699212950046835
Rua Manuel Fiúza Júnior,Largo das Carmelitas,74.10823441121967,0.889298812934636,0.6413010964796214,-8.821144949825442,41.699212950046835
Largo das Carmelitas,Rua Manuel Fiúza Júnior,180.35527441208114,2.1642632929449737,0.64940228316271,-8.821144949825442,41.699212950046835
Rua da Bandeira,Largo das Carmelitas,74.10823441121967,0.889298812934636,0.6413010964796214,-8.821144949825442,41.699212950046835
Largo das Carmelitas,Rua da Bandeira,208.09023300476179,2.4970827960571413,0.08931411890226962,-8.821144949825442,41.699212950046835
Avenida Capitão Gaspar de Castro,Avenida Dom Afonso III,45.61450897980119,0.5473741077576143,1.0662931656242278,-8.8283517,41.6966394
Avenida Dom Afonso III,Avenida Capitão Gaspar de Castro,216.61626933861487,2.599395232063378,0.5956741273789128,-8.8283517,41.6966394
Avenida Capitão Gaspar de Castro,Rua Emídio Navarro,36.384796162726026,0.4366175539527123,3.043523752002003,-8.8283517,41.6966394
Rua Emídio Navarro,Avenida Capitão Gaspar de Castro,216.61626933861487,2.599395232063378,0.5956741273789128,-8.8283517,41.6966394
Avenida Capitão Gaspar de Castro,Rua Sá de Miranda; Rua de Santo António,251.72144376816095,3.0206573252179316,0.5743585423115153,-8.8283517,41.6966394
Rua Sá de Miranda; Rua de Santo António,Avenida Capitão Gaspar de Castro,216.61626933861487,2.599395232063378,0.5956741273789128,-8.8283517,41.6966394
Avenida Dom Afonso III,Rua Emídio Navarro,36.384796162726026,0.4366175539527123,3.043523752002003,-8.8283517,41.6966394
Rua Emídio Navarro,Avenida Dom Afonso III,45.61450897980119,0.5473741077576143,1.0662931656242278,-8.8283517,41.6966394
Avenida Dom Afonso III,Rua Sá de Miranda; Rua de Santo António,251.72144376816095,3.0206573252179316,0.5743585423115153,-8.8283517,41.6966394
Rua Sá de Miranda; Rua de Santo António,Avenida Dom Afonso III,45.61450897980119,0.5473741077576143,1.0662931656242278,-8.8283517,41.6966394
Rua Emídio Navarro,Rua Sá de Miranda; Rua de Santo António,251.72144376816095,3.0206573252179316,0.5743585423115153,-8.8283517,41.6966394
Rua Sá de Miranda; Rua de Santo António,Rua Emídio Navarro,36.384796162726026,0.4366175539527123,3.043523752002003,-8.8283517,41.6966394
Rua Camilo Castelo Branco,Rua Padre Américo,203.32763348730398,2.439931601847648,4.163784992269575,-8.8265003,41.70083749999999
Rua Padre Américo,Rua Camilo Castelo Branco,65.86792509496296,0.7904151011395555,0.7054140089809112,-8.8265003,41.70083749999999
Rua Engenheiro João Branco,Rua de Valverde,41.668223069685695,0.5000186768362282,10.835067377375717,-8.8276527,41.70086339999999
Rua de Valverde,Rua Engenheiro João Branco,54.39047174354114,0.6526856609224937,1.749117157148198,-8.8276527,41.70086339999999
Rua de Valença,Rua Padre Américo,203.32763348730398,2.439931601847648,4.163784992269575,-8.82470364997964,41.69987155000217
Rua Padre Américo,Rua de Valença,40.581848815603344,0.4869821857872402,5.095385094258812,-8.82470364997964,41.69987155000217
Rua de Valença,Rua Ponte de Lima,104.58081900425493,1.2549698280510593,0.6214063270487785,-8.82470364997964,41.69987155000217
Rua Ponte de Lima,Rua de Valença,40.581848815603344,0.4869821857872402,5.095385094258812,-8.82470364997964,41.69987155000217
Rua Padre Américo,Rua Ponte de Lima,104.58081900425493,1.2549698280510593,0.6214063270487785,-8.82470364997964,41.69987155000217
Rua Ponte de Lima,Rua Padre Américo,203.32763348730398,2.439931601847648,4.163784992269575,-8.82470364997964,41.69987155000217
Avenida Capitão Gaspar de Castro,Rua de Valença,45.3364556430413,0.5440374677164955,2.256924493380487,-8.8247011,41.69946800000001
Rua de Valença,Avenida Capitão Gaspar de Castro,48.30330281156894,0.5796396337388273,2.1625682777044672,-8.8247011,41.69946800000001
Avenida Capitão Gaspar de Castro,Praça do Alto Minho,62.71298368671677,0.7525558042406012,0.6913498098108418,-8.821987009969172,41.701621430936434
Praça do Alto Minho,Avenida Capitão Gaspar de Castro,51.36721683999889,0.6164066020799867,0.8440521408728712,-8.821987009969172,41.701621430936434
Rua do Carmo,Rua Abel Viana,57.318373772589396,0.6878204852710728,0.22844242609199006,-8.822070999975223,41.69515550000948
Rua Abel Viana,Rua do Carmo,162.14730575979402,1.9457676691175283,2.8107134124160646,-8.822070999975223,41.69515550000948
Rua do Carmo,Avenida Luís de Camões,149.84850049765035,1.7981820059718043,0.9477402803347483,-8.822070999975223,41.69515550000948
Avenida Luís de Camões,Rua do Carmo,162.14730575979402,1.9457676691175283,2.8107134124160646,-8.822070999975223,41.69515550000948
Rua Abel Viana,Avenida Luís de Camões,149.84850049765035,1.7981820059718043,0.9477402803347483,-8.822070999975223,41.69515550000948
Avenida Luís de Camões,Rua Abel Viana,57.318373772589396,0.6878204852710728,0.22844242609199006,-8.822070999975223,41.69515550000948
Rua Tenente Coronel Afonso do Paço,Quelha das Trincheiras,80.75261212541345,0.9690313455049613,0.4203819838095082,-8.821420399872279,41.69719485005956
Quelha das Trincheiras,Rua Tenente Coronel Afonso do Paço,118.18175928907313,1.4181811114688774,4.612831727133906,-8.821420399872279,41.69719485005956
Rua Tenente Coronel Afonso do Paço,Estrada da Papanata,143.09942307901468,1.7171930769481762,0.4583989702940079,-8.821420399872279,41.69719485005956
Estrada da Papanata,Rua Tenente Coronel Afonso do Paço,118.18175928907313,1.4181811114688774,4.612831727133906,-8.821420399872279,41.69719485005956
Rua Tenente Coronel Afonso do Paço,Quelha da Papanata,185.41616140612285,2.2249939368734744,1.684935457134528,-8.821420399872279,41.69719485005956
Quelha da Papanata,Rua Tenente Coronel Afonso do Paço,118.18175928907313,1.4181811114688774,4.612831727133906,-8.821420399872279,41.69719485005956
Quelha das Trincheiras,Estrada da Papanata,143.09942307901468,1.7171930769481762,0.4583989702940079,-8.821420399872279,41.69719485005956
Estrada da Papanata,Quelha das Trincheiras,80.75261212541345,0.9690313455049613,0.4203819838095082,-8.821420399872279,41.69719485005956
Quelha das Trincheiras,Quelha da Papanata,185.41616140612285,2.2249939368734744,1.684935457134528,-8.821420399872279,41.69719485005956
Quelha da Papanata,Quelha das Trincheiras,80.75261212541345,0.9690313455049613,0.4203819838095082,-8.821420399872279,41.69719485005956
Estrada da Papanata,Quelha da Papanata,185.41616140612285,2.2249939368734744,1.684935457134528,-8.821420399872279,41.69719485005956
Quelha da Papanata,Estrada da Papanata,143.09942307901468,1.7171930769481762,0.4583989702940079,-8.821420399872279,41.69719485005956
Rua Ernesto Roma,Calçada de Valverde,46.95156988100053,0.5634188385720064,10.857232258965972,-8.8291211,41.69770119999997
Calçada de Valverde,Rua Ernesto Roma,82.15040812786111,0.9858048975343335,4.114538033367288,-8.8291211,41.69770119999997
Rua Dom Moisés Alves de Pinho (Missionário),Rua dos Santos Mártires,68.74100496484691,0.8248920595781628,1.5166390839517105,-8.8348092,41.6962195
Rua dos Santos Mártires,Rua Dom Moisés Alves de Pinho (Missionário),139.28438914774733,1.6714126697729679,8.328751598320181,-8.8348092,41.6962195
Rua Dom Moisés Alves de Pinho (Missionário),Rua dos Sobreiros,108.69754153569086,1.3043704984282904,1.989614921873277,-8.836433614936329,41.697388401626185
Rua dos Sobreiros,Rua Dom Moisés Alves de Pinho (Missionário),190.42482629802683,2.285097915576322,3.446271869082961,-8.836433614936329,41.697388401626185
Rua Dom Moisés Alves de Pinho (Missionário),Rua de São José,62.486883837238615,0.7498426060468634,5.160647215205646,-8.836433614936329,41.697388401626185
Rua de São José,Rua Dom Moisés Alves de Pinho (Missionário),190.42482629802683,2.285097915576322,3.446271869082961,-8.836433614936329,41.697388401626185
Rua dos Sobreiros,Rua de São José,62.486883837238615,0.7498426060468634,5.160647215205646,-8.836433614936329,41.697388401626185
Rua de São José,Rua dos Sobreiros,108.69754153569086,1.3043704984282904,1.989614921873277,-8.836433614936329,41.697388401626185
Calçada de Valverde,Rua de Valverde,296.80370479175315,3.5616444575010378,1.83766312717318,-8.8296712,41.6983158
Rua de Valverde,Calçada de Valverde,36.12388554510669,0.4334866265412803,10.89246621403728,-8.8296712,41.6983158
Rua Domingos José de Morais,Rua de São José,62.486883837238615,0.7498426060468634,5.160647215205646,-8.8368184,41.69691120000001
Rua de São José,Rua Domingos José de Morais,172.63708685803005,2.071645042296361,2.5373357588245558,-8.8368184,41.69691120000001
Rua Emídio Navarro,Avenida Dom Afonso III,205.4405393275354,2.465286471930425,1.3378519850822588,-8.8285837,41.696361800000005
Avenida Dom Afonso III,Rua Emídio Navarro,36.384796162726026,0.4366175539527123,3.043523752002003,-8.8285837,41.696361800000005
Rua Emídio Navarro,Rua Sá de Miranda; Rua de Santo António,251.72144376816095,3.0206573252179316,0.5743585423115153,-8.8291056,41.69566030000001
Rua Sá de Miranda; Rua de Santo António,Rua Emídio Navarro,89.23113865739045,1.0707736638886853,2.861292108179242,-8.8291056,41.69566030000001
Rua Emídio Navarro,Avenida Conde da Carreira; Rua dos Bombeiros,194.53733139158268,2.3344479766989923,0.38608554339045903,-8.8291056,41.69566030000001
Avenida Conde da Carreira; Rua dos Bombeiros,Rua Emídio Navarro,89.23113865739045,1.0707736638886853,2.861292108179242,-8.8291056,41.69566030000001
Rua Sá de Miranda; Rua de Santo António,Avenida Conde da Carreira; Rua dos Bombeiros,194.53733139158268,2.3344479766989923,0.38608554339045903,-8.8291056,41.69566030000001
Avenida Conde da Carreira; Rua dos Bombeiros,Rua Sá de Miranda; Rua de Santo António,251.72144376816095,3.0206573252179316,0.5743585423115153,-8.8291056,41.69566030000001
Avenida dos Combatentes da Grande Guerra,Avenida Conde da Carreira; Rua dos Bombeiros,194.53733139158268,2.3344479766989923,0.38608554339045903,-8.8307788,41.69448469999998
Avenida Conde da Carreira; Rua dos Bombeiros,Avenida dos Combatentes da Grande Guerra,38.234111491126995,0.4588093378935239,2.7163849827733637,-8.8307788,41.69448469999998
Avenida dos Combatentes da Grande Guerra,Avenida Conde da Carreira,51.537147955850244,0.618445775470203,1.537597189870375,-8.8307788,41.69448469999998
Avenida Conde da Carreira,Avenida dos Combatentes da Grande Guerra,38.234111491126995,0.4588093378935239,2.7163849827733637,-8.8307788,41.69448469999998
Avenida Conde da Carreira; Rua dos Bombeiros,Avenida Conde da Carreira,51.537147955850244,0.618445775470203,1.537597189870375,-8.8307788,41.69448469999998
Avenida Conde da Carreira,Avenida Conde da Carreira; Rua dos Bombeiros,194.53733139158268,2.3344479766989923,0.38608554339045903,-8.8307788,41.69448469999998
Avenida Dom Afonso III,Avenida Rocha Páris,154.96938842468083,1.85963266109617,3.117709461299459,-8.8280079,41.69694839999999
Avenida Rocha Páris,Avenida Dom Afonso III,45.61450897980119,0.5473741077576143,1.0662931656242278,-8.8280079,41.69694839999999
Avenida Conde da Carreira,Rua dos Rubins,92.85405648619758,1.1142486778343708,0.37742284651592334,-8.8313307,41.6942726
Rua dos Rubins,Avenida Conde da Carreira,51.537147955850244,0.618445775470203,1.537597189870375,-8.8313307,41.6942726
Avenida Rocha Páris,Rua Cândido dos Reis; Rua Nova de Santana,362.0719677833972,4.344863613400767,0.14838408999407737,-8.8269096,41.69582779999998
Rua Cândido dos Reis; Rua Nova de Santana,Avenida Rocha Páris,85.52427379601666,1.0262912855522,0.17635514160848972,-8.8269096,41.69582779999998
Avenida Rocha Páris,Rua de Aveiro,228.30884297214337,2.7397061156657205,0.34227854198815477,-8.8269096,41.69582779999998
Rua de Aveiro,Avenida Rocha Páris,85.52427379601666,1.0262912855522,0.17635514160848972,-8.8269096,41.69582779999998
Rua Cândido dos Reis; Rua Nova de Santana,Rua de Aveiro,228.30884297214337,2.7397061156657205,0.34227854198815477,-8.8269096,41.69582779999998
Rua de Aveiro,Rua Cândido dos Reis; Rua Nova de Santana,362.0719677833972,4.344863613400767,0.14838408999407737,-8.8269096,41.69582779999998
Avenida Conde da Carreira,Avenida do Batalhão de Caçadores 9,185.13560582575587,2.2216272699090704,1.1547578425099747,-8.832609,41.69378139999999
Avenida do Batalhão de Caçadores 9,Avenida Conde da Carreira,36.82319047435214,0.4418782856922257,5.210523911692955,-8.832609,41.69378139999999
Rua General Luís do Rego,Rua dos Rubins,92.85405648619758,1.1142486778343708,0.37742284651592334,-8.830757,41.693555800000006
Rua dos Rubins,Rua General Luís do Rego,51.583988781587415,0.619007865379049,3.8195271078333577,-8.830757,41.693555800000006
Rua General Luís do Rego,Travessa do Salgueiro; Rua dos Rubins,171.27134747219594,2.055256169666351,0.042717056844144834,-8.830757,41.693555800000006
Travessa do Salgueiro; Rua dos Rubins,Rua General Luís do Rego,51.583988781587415,0.619007865379049,3.8195271078333577,-8.830757,41.693555800000006
Rua dos Rubins,Travessa do Salgueiro; Rua dos Rubins,171.27134747219594,2.055256169666351,0.042717056844144834,-8.830757,41.693555800000006
Travessa do Salgueiro; Rua dos Rubins,Rua dos Rubins,92.85405648619758,1.1142486778343708,0.37742284651592334,-8.830757,41.693555800000006
Avenida Dom Afonso III,Rua de Aveiro,228.30884297214337,2.7397061156657205,0.34227854198815477,-8.82468696662286,41.6970218334502
Rua de Aveiro,Avenida Dom Afonso III,103.8784712818541,1.2465416553822493,0.9570415920215319,-8.82468696662286,41.6970218334502
Largo 9 de Abril,Avenida Conde da Carreira,36.17634111994887,0.43411609343938645,2.1368524994701636,-8.833018400006782,41.6936591000139
Avenida Conde da Carreira,Largo 9 de Abril,42.36542192355862,0.5083850630827034,1.8126812459676165,-8.833018400006782,41.6936591000139
Largo 9 de Abril,Rua General Luís do Rego,63.322625419519355,0.7598715050342323,1.8593965442852998,-8.832460429171945,41.69292464014851
Rua General Luís do Rego,Largo 9 de Abril,88.47066900360417,1.06164802804325,1.967708333359135,-8.832460429171945,41.69292464014851
Rua Góis Pinto,Rua do Loureiro,156.29715297377646,1.8755658356853175,1.0606677667118143,-8.8335783,41.6906213
Rua do Loureiro,Rua Góis Pinto,48.26124804202636,0.5791349765043163,1.9286516942344678,-8.8335783,41.6906213
Rua Góis Pinto,Rua Monsenhor Daniel Machado,210.21129174960282,2.5225355009952337,0.1446476551354324,-8.8335783,41.6906213
Rua Monsenhor Daniel Machado,Rua Góis Pinto,48.26124804202636,0.5791349765043163,1.9286516942344678,-8.8335783,41.6906213
Rua do Loureiro,Rua Monsenhor Daniel Machado,210.21129174960282,2.5225355009952337,0.1446476551354324,-8.8335783,41.6906213
Rua Monsenhor Daniel Machado,Rua do Loureiro,156.29715297377646,1.8755658356853175,1.0606677667118143,-8.8335783,41.6906213
Rua Frei Bartolomeu dos Mártires,Rua Cónego Domingos Borlido,90.71504152462987,1.0885804982955583,0.38401839427777323,-8.8347899,41.6909311
Rua Cónego Domingos Borlido,Rua Frei Bartolomeu dos Mártires,89.02039839412359,1.0682447807294833,0.915101154815053,-8.8347899,41.6909311
Rua do Loureiro,Rua de Altamira,64.60211081152706,0.7752253297383247,2.288591522984497,-8.831212449953046,41.69110465010108
Rua de Altamira,Rua do Loureiro,76.451537453514,0.917418449442168,2.29221896151399,-8.831212449953046,41.69110465010108
Rua do Loureiro,Rua do Marquês; Largo Amadeu Costa,109.85562230177429,1.3182674676212913,1.661892114911317,-8.831212449953046,41.69110465010108
Rua do Marquês; Largo Amadeu Costa,Rua do Loureiro,76.451537453514,0.917418449442168,2.29221896151399,-8.831212449953046,41.69110465010108
Rua de Altamira,Rua do Marquês; Largo Amadeu Costa,109.85562230177429,1.3182674676212913,1.661892114911317,-8.831212449953046,41.69110465010108
Rua do Marquês; Largo Amadeu Costa,Rua de Altamira,64.60211081152706,0.7752253297383247,2.288591522984497,-8.831212449953046,41.69110465010108
Rua de Altamira,Rua de Santa Clara,45.93474817306832,0.5512169780768198,7.109895368319904,-8.8304406,41.6911158
Rua de Santa Clara,Rua de Altamira,64.60211081152706,0.7752253297383247,2.288591522984497,-8.8304406,41.6911158
Rua de Altamira,Rua dos Manjovos,190.00107611582925,2.280012913389951,1.6445312717268168,-8.8304406,41.6911158
Rua dos Manjovos,Rua de Altamira,64.60211081152706,0.7752253297383247,2.288591522984497,-8.8304406,41.6911158
Rua de Santa Clara,Rua dos Manjovos,190.00107611582925,2.280012913389951,1.6445312717268168,-8.8304406,41.6911158
Rua dos Manjovos,Rua de Santa Clara,45.93474817306832,0.5512169780768198,7.109895368319904,-8.8304406,41.6911158
Avenida do Campo do Castelo,Rua Frei Bartolomeu dos Mártires,129.30537322038288,1.5516644786445946,0.18874259545147354,-8.8363333,41.6907764
Rua Frei Bartolomeu dos Mártires,Avenida do Campo do Castelo,86.77847203064415,1.0413416643677298,2.0805038581234885,-8.8363333,41.6907764
Avenida Capitão Gaspar de Castro,Praça do Alto Minho,62.71298368671677,0.7525558042406012,0.6913498098108418,-8.821663129483001,41.70186299323676
Praça do Alto Minho,Avenida Capitão Gaspar de Castro,51.36721683999889,0.6164066020799867,0.8440521408728712,-8.821663129483001,41.70186299323676
Praça do Alto Minho,Rua Salvato Feijó,50.28672626079751,0.60344071512957,1.2480804306446518,-8.8222495,41.70231989999999
Rua Salvato Feijó,Praça do Alto Minho,70.42067182865472,0.8450480619438566,7.4453856991523,-8.8222495,41.70231989999999
Avenida Capitão Gaspar de Castro,Rua da Bandeira,110.40976133486953,1.3249171360184344,1.2744795158552014,-8.818648512099092,41.703387688349665
Rua da Bandeira,Avenida Capitão Gaspar de Castro,306.87725989146224,3.6825271186975472,1.6559878218663893,-8.818648512099092,41.703387688349665
Rua Ponte de Lima,Rua de Paredes de Coura,63.521710675118484,0.7622605281014219,1.6380416615078774,-8.824034849873057,41.700387900054835
Rua de Paredes de Coura,Rua Ponte de Lima,104.58081900425493,1.2549698280510593,0.6214063270487785,-8.824034849873057,41.700387900054835
Rua Ponte de Lima,Rua dos Arcos de Valdevez,64.01223083066459,0.7681467699679752,0.4278587211809024,-8.824034849873057,41.700387900054835
Rua dos Arcos de Valdevez,Rua Ponte de Lima,104.58081900425493,1.2549698280510593,0.6214063270487785,-8.824034849873057,41.700387900054835
Rua de Paredes de Coura,Rua dos Arcos de Valdevez,64.01223083066459,0.7681467699679752,0.4278587211809024,-8.824034849873057,41.700387900054835
Rua dos Arcos de Valdevez,Rua de Paredes de Coura,63.521710675118484,0.7622605281014219,1.6380416615078774,-8.824034849873057,41.700387900054835
Rua de Valença,Rua dos Arcos de Valdevez,64.01223083066459,0.7681467699679752,0.4278587211809024,-8.824697,41.7002663
Rua dos Arcos de Valdevez,Rua de Valença,44.1049427670533,0.5292593132046397,2.0944449316763896,-8.824697,41.7002663
Rua de Valença,Rua de Monção,111.98051426222268,1.3437661711466722,3.5922629331794824,-8.824697,41.7002663
Rua de Monção,Rua de Valença,44.1049427670533,0.5292593132046397,2.0944449316763896,-8.824697,41.7002663
Rua dos Arcos de Valdevez,Rua de Monção,111.98051426222268,1.3437661711466722,3.5922629331794824,-8.824697,41.7002663
Rua de Monção,Rua dos Arcos de Valdevez,64.01223083066459,0.7681467699679752,0.4278587211809024,-8.824697,41.7002663
Rua Salvato Feijó,Praça do Alto Minho,82.69298793512718,0.9923158552215262,6.575095980412655,-8.822711700084621,41.702033150063386
Praça do Alto Minho,Rua Salvato Feijó,50.28672626079751,0.60344071512957,1.2480804306446518,-8.822711700084621,41.702033150063386
Rua Salvato Feijó,Rua Doutor Ribeiro da Silva,135.8343234484965,1.630011881381958,4.186100314634946,-8.822711700084621,41.702033150063386
Rua Doutor Ribeiro da Silva,Rua Salvato Feijó,50.28672626079751,0.60344071512957,1.2480804306446518,-8.822711700084621,41.702033150063386
Rua Salvato Feijó,Rua Ponte de Lima,121.10736223975809,1.453288346877097,0.23093107211403424,-8.822711700084621,41.702033150063386
Rua Ponte de Lima,Rua Salvato Feijó,50.28672626079751,0.60344071512957,1.2480804306446518,-8.822711700084621,41.702033150063386
Praça do Alto Minho,Rua Doutor Ribeiro da Silva,135.8343234484965,1.630011881381958,4.186100314634946,-8.822711700084621,41.702033150063386
Rua Doutor Ribeiro da Silva,Praça do Alto Minho,82.69298793512718,0.9923158552215262,6.575095980412655,-8.822711700084621,41.702033150063386
Praça do Alto Minho,Rua Ponte de Lima,121.10736223975809,1.453288346877097,0.23093107211403424,-8.822711700084621,41.702033150063386
Rua Ponte de Lima,Praça do Alto Minho,82.69298793512718,0.9923158552215262,6.575095980412655,-8.822711700084621,41.702033150063386
Rua Doutor Ribeiro da Silva,Rua Ponte de Lima,121.10736223975809,1.453288346877097,0.23093107211403424,-8.822711700084621,41.702033150063386
Rua Ponte de Lima,Rua Doutor Ribeiro da Silva,135.8343234484965,1.630011881381958,4.186100314634946,-8.822711700084621,41.702033150063386
Rua Salvato Feijó,Rua Ruben Leitão,142.91932877121098,1.715031945254532,1.3419766038350738,-8.8225237,41.7033682
Rua Ruben Leitão,Rua Salvato Feijó,69.4026165273125,0.83283139832775,3.109042444488767,-8.8225237,41.7033682
Rua Ponte de Lima,Rua Ponte da Barca,64.20050689220594,0.7704060827064713,1.3164255893869332,-8.823278350129252,41.70105640002223
Rua Ponte da Barca,Rua Ponte de Lima,111.67404881504359,1.340088585780523,0.017419489050922388,-8.823278350129252,41.70105640002223
Rua Ponte de Lima,Rua de Caminha,103.06094650950156,1.2367313581140187,4.123053576836775,-8.823278350129252,41.70105640002223
Rua de Caminha,Rua Ponte de Lima,111.67404881504359,1.340088585780523,0.017419489050922388,-8.823278350129252,41.70105640002223
Rua Ponte da Barca,Rua de Caminha,103.06094650950156,1.2367313581140187,4.123053576836775,-8.823278350129252,41.70105640002223
Rua de Caminha,Rua Ponte da Barca,64.20050689220594,0.7704060827064713,1.3164255893869332,-8.823278350129252,41.70105640002223
Rua de Paredes de Coura,Rua de Valença,58.827185518845525,0.7059262262261463,1.3031902953845982,-8.824595000832216,41.700771225395904
Rua de Valença,Rua de Paredes de Coura,63.521710675118484,0.7622605281014219,1.6380416615078774,-8.824595000832216,41.700771225395904
Rua de Paredes de Coura,Rua Ponte da Barca,58.36043826883809,0.700325259226057,0.30141503427277244,-8.824595000832216,41.700771225395904
Rua Ponte da Barca,Rua de Paredes de Coura,63.521710675118484,0.7622605281014219,1.6380416615078774,-8.824595000832216,41.700771225395904
Rua de Paredes de Coura,Largo Jardim,60.66237183202069,0.7279484619842482,2.704364320702403,-8.824595000832216,41.700771225395904
Largo Jardim,Rua de Paredes de Coura,63.521710675118484,0.7622605281014219,1.6380416615078774,-8.824595000832216,41.700771225395904
Rua de Valença,Rua Ponte da Barca,58.36043826883809,0.700325259226057,0.30141503427277244,-8.824595000832216,41.700771225395904
Rua Ponte da Barca,Rua de Valença,58.827185518845525,0.7059262262261463,1.3031902953845982,-8.824595000832216,41.700771225395904
Rua de Valença,Largo Jardim,60.66237183202069,0.7279484619842482,2.704364320702403,-8.824595000832216,41.700771225395904
Largo Jardim,Rua de Valença,58.827185518845525,0.7059262262261463,1.3031902953845982,-8.824595000832216,41.700771225395904
Rua Ponte da Barca,Largo Jardim,60.66237183202069,0.7279484619842482,2.704364320702403,-8.824595000832216,41.700771225395904
Largo Jardim,Rua Ponte da Barca,58.36043826883809,0.700325259226057,0.30141503427277244,-8.824595000832216,41.700771225395904
Rua dos Arcos de Valdevez,Rua Ponte da Barca,58.36043826883809,0.700325259226057,0.30141503427277244,-8.8239413,41.700895599999996
Rua Ponte da Barca,Rua dos Arcos de Valdevez,65.43191952467204,0.7851830342960644,1.3213809960521903,-8.8239413,41.700895599999996
Estrada da Papanata,Quelha da Papanata,185.41616140612285,2.2249939368734744,1.684935457134528,-8.8202077,41.6983758
Quelha da Papanata,Estrada da Papanata,71.29194866144208,0.855503383937305,0.5657412224904849,-8.8202077,41.6983758
Largo das Carmelitas,Rua da Bandeira,391.2799755602546,4.695359706723055,0.8948836703241043,-8.8206516,41.6996139
Rua da Bandeira,Largo das Carmelitas,74.10823441121967,0.889298812934636,0.6413010964796214,-8.8206516,41.6996139
Rua da Bandeira,Rua Aquilino Ribeiro,118.48886439617846,1.4218663727541414,2.6248899660901746,-8.816914474111968,41.70420389972867
Rua Aquilino Ribeiro,Rua da Bandeira,74.73827376503976,0.8968592851804771,0.13967108805660156,-8.816914474111968,41.70420389972867
Rua Aquilino Ribeiro,Largo Álvaro Salema,40.57352571229045,0.48688230854748543,3.263516877470714,-8.8177266,41.70506789999999
Largo Álvaro Salema,Rua Aquilino Ribeiro,71.22324157698264,0.8546788989237918,2.4736632850856077,-8.8177266,41.70506789999999
Estrada da Papanata,Estrada da Papanata; Rua do Carmo,138.97510905393355,1.6677013086472026,0.20732475655531746,-8.8221793,41.696147899999985
Estrada da Papanata; Rua do Carmo,Estrada da Papanata,143.09942307901468,1.7171930769481762,0.4583989702940079,-8.8221793,41.696147899999985
Rua da Cidade de Riom,Rua de Ourense,85.5284239290159,1.0263410871481908,4.173151882568845,-8.8428815,41.69713529999999
Rua de Ourense,Rua da Cidade de Riom,78.68233626495001,0.9441880351794001,0.27045705985649093,-8.8428815,41.69713529999999
Rua Aleixo Queirós Ribeiro,Rua dos Sobreiros,138.15182228346546,1.6578218674015854,0.32630901418025526,-8.8383265,41.6990983
Rua dos Sobreiros,Rua Aleixo Queirós Ribeiro,62.59142353418575,0.751097082410229,13.680549935841672,-8.8383265,41.6990983
Rua de São José,Rua Bernardo Abrunhosa,146.84087563876454,1.7620905076651745,0.5812884369210237,-8.8372188,41.696316599999996
Rua Bernardo Abrunhosa,Rua de São José,74.00381795901299,0.8880458155081559,5.756632750488233,-8.8372188,41.696316599999996
Avenida Dom Afonso III,Rua da Bandeira,74.77452186867494,0.8972942624240993,2.5689331732266494,-8.8235953,41.696607399999984
Rua da Bandeira,Avenida Dom Afonso III,103.8784712818541,1.2465416553822493,0.9570415920215319,-8.8235953,41.696607399999984
Rua Abel Viana,Avenida Dom Afonso III,109.62286488218987,1.3154743785862786,0.7430931418551828,-8.822762553713174,41.69585932761492
Avenida Dom Afonso III,Rua Abel Viana,98.12300659769423,1.1774760791723307,4.127044449220583,-8.822762553713174,41.69585932761492
Rua Abel Viana,Rua do Gontim,104.23363629314859,1.250803635517783,0.97957408100284,-8.822762553713174,41.69585932761492
Rua do Gontim,Rua Abel Viana,98.12300659769423,1.1774760791723307,4.127044449220583,-8.822762553713174,41.69585932761492
Rua Abel Viana,Rua Pedro Homem de Melo,113.39847768310011,1.3607817321972013,1.1133275306685888,-8.822762553713174,41.69585932761492
Rua Pedro Homem de Melo,Rua Abel Viana,98.12300659769423,1.1774760791723307,4.127044449220583,-8.822762553713174,41.69585932761492
Avenida Dom Afonso III,Rua do Gontim,104.23363629314859,1.250803635517783,0.97957408100284,-8.822762553713174,41.69585932761492
Rua do Gontim,Avenida Dom Afonso III,109.62286488218987,1.3154743785862786,0.7430931418551828,-8.822762553713174,41.69585932761492
Avenida Dom Afonso III,Rua Pedro Homem de Melo,113.39847768310011,1.3607817321972013,1.1133275306685888,-8.822762553713174,41.69585932761492
Rua Pedro Homem de Melo,Avenida Dom Afonso III,109.62286488218987,1.3154743785862786,0.7430931418551828,-8.822762553713174,41.69585932761492
Rua do Gontim,Rua Pedro Homem de Melo,113.39847768310011,1.3607817321972013,1.1133275306685888,-8.822762553713174,41.69585932761492
Rua Pedro Homem de Melo,Rua do Gontim,104.23363629314859,1.250803635517783,0.97957408100284,-8.822762553713174,41.69585932761492
Rua do Gontim,Rua da Fábrica de Chocolate,72.26622917528991,0.8671947501034789,0.33411288972185055,-8.8235201,41.695190399999994
Rua da Fábrica de Chocolate,Rua do Gontim,40.10025471289572,0.48120305655474865,0.8553203277412118,-8.8235201,41.695190399999994
Alameda 5 de Outubro,Praça da Galiza,65.82211046532365,0.7898653255838837,0.634442575275397,-8.82131224989568,41.69520030003761
Praça da Galiza,Alameda 5 de Outubro,75.08298245072643,0.9009957894087173,0.07752392297612143,-8.82131224989568,41.69520030003761
Rua Abel Viana,Alameda 5 de Outubro,75.08298245072643,0.9009957894087173,0.07752392297612143,-8.821608624509148,41.69477362595248
Alameda 5 de Outubro,Rua Abel Viana,57.318373772589396,0.6878204852710728,0.22844242609199006,-8.821608624509148,41.69477362595248
Alameda 5 de Outubro,Avenida Luís de Camões,84.46623330304305,1.0135947996365167,0.3622969546057633,-8.8262117,41.69221289999999
Avenida Luís de Camões,Alameda 5 de Outubro,97.14005526468368,1.1656806631762042,0.4996567275636732,-8.8262117,41.69221289999999
Avenida Luís de Camões,Rua Gago Coutinho,36.405797657019406,0.4368695718842329,10.390478394342633,-8.8259247,41.69287159999999
Rua Gago Coutinho,Avenida Luís de Camões,84.46623330304305,1.0135947996365167,0.3622969546057633,-8.8259247,41.69287159999999
Rua do Gontim,Rua Nova de São Bento,68.77760723645488,0.8253312868374587,2.837181347436138,-8.8239109,41.6949785
Rua Nova de São Bento,Rua do Gontim,40.10025471289572,0.48120305655474865,0.8553203277412118,-8.8239109,41.6949785
Rua da Fábrica de Chocolate,Rua Arquitecto José Fernandes Martins,64.29682816678528,0.7715619380014234,6.218042279294062,-8.8239725,41.695745599999995
Rua Arquitecto José Fernandes Martins,Rua da Fábrica de Chocolate,72.26622917528991,0.8671947501034789,0.33411288972185055,-8.8239725,41.695745599999995
Rua da Fábrica de Chocolate,Rua Pedro Homem de Melo,37.027963487049426,0.4443355618445931,3.182645204443403,-8.8239725,41.695745599999995
Rua Pedro Homem de Melo,Rua da Fábrica de Chocolate,72.26622917528991,0.8671947501034789,0.33411288972185055,-8.8239725,41.695745599999995
Rua Arquitecto José Fernandes Martins,Rua Pedro Homem de Melo,37.027963487049426,0.4443355618445931,3.182645204443403,-8.8239725,41.695745599999995
Rua Pedro Homem de Melo,Rua Arquitecto José Fernandes Martins,64.29682816678528,0.7715619380014234,6.218042279294062,-8.8239725,41.695745599999995
Avenida Luís de Camões,Praça de Frei Gonçalo Velho,53.20348105287352,0.6384417726344823,2.0671151584738054,-8.8246657,41.6938692
Praça de Frei Gonçalo Velho,Avenida Luís de Camões,66.97299472062679,0.8036759366475215,0.08122316052123502,-8.8246657,41.6938692
Rua Gago Coutinho,Rua dos Caleiros,160.24432192119653,1.9229318630543581,1.8360797437526257,-8.8261647,41.69314539999999
Rua dos Caleiros,Rua Gago Coutinho,36.405797657019406,0.4368695718842329,10.390478394342633,-8.8261647,41.69314539999999
Avenida Luís de Camões,Praça de Frei Gonçalo Velho,62.99339289953037,0.7559207147943645,1.2863819502965013,-8.8240035,41.6942131
Praça de Frei Gonçalo Velho,Avenida Luís de Camões,48.634457494559555,0.5836134899347146,0.8857690946457867,-8.8240035,41.6942131
Rua dos Caleiros,Praça de Frei Gonçalo Velho,53.20348105287352,0.6384417726344823,2.0671151584738054,-8.825015386334513,41.694255369777615
Praça de Frei Gonçalo Velho,Rua dos Caleiros,160.24432192119653,1.9229318630543581,1.8360797437526257,-8.825015386334513,41.694255369777615
Rua dos Caleiros,Largo das Almas,74.6289804630355,0.8955477655564261,2.272526533524032,-8.825015386334513,41.694255369777615
Largo das Almas,Rua dos Caleiros,160.24432192119653,1.9229318630543581,1.8360797437526257,-8.825015386334513,41.694255369777615
Praça de Frei Gonçalo Velho,Largo das Almas,74.6289804630355,0.8955477655564261,2.272526533524032,-8.825015386334513,41.694255369777615
Largo das Almas,Praça de Frei Gonçalo Velho,53.20348105287352,0.6384417726344823,2.0671151584738054,-8.825015386334513,41.694255369777615
Rua Doutor Ribeiro da Silva,Rua Ramalho Ortigão,131.16717042331592,1.574006045079791,1.064824300842917,-8.8238172,41.7028332
Rua Ramalho Ortigão,Rua Doutor Ribeiro da Silva,135.8343234484965,1.630011881381958,4.186100314634946,-8.8238172,41.7028332
Rua Doutor Ribeiro da Silva,Rua Doutor Francisco Cyrne de Castro,95.39979955421043,1.144797594650525,6.857052701408939,-8.8238172,41.7028332
Rua Doutor Francisco Cyrne de Castro,Rua Doutor Ribeiro da Silva,135.8343234484965,1.630011881381958,4.186100314634946,-8.8238172,41.7028332
Rua Doutor Ribeiro da Silva,Rua Camilo Castelo Branco,118.9817697590423,1.4277812371085075,1.7333818882021554,-8.8238172,41.7028332
Rua Camilo Castelo Branco,Rua Doutor Ribeiro da Silva,135.8343234484965,1.630011881381958,4.186100314634946,-8.8238172,41.7028332
Rua Ramalho Ortigão,Rua Doutor Francisco Cyrne de Castro,95.39979955421043,1.144797594650525,6.857052701408939,-8.8238172,41.7028332
Rua Doutor Francisco Cyrne de Castro,Rua Ramalho Ortigão,131.16717042331592,1.574006045079791,1.064824300842917,-8.8238172,41.7028332
Rua Ramalho Ortigão,Rua Camilo Castelo Branco,118.9817697590423,1.4277812371085075,1.7333818882021554,-8.8238172,41.7028332
Rua Camilo Castelo Branco,Rua Ramalho Ortigão,131.16717042331592,1.574006045079791,1.064824300842917,-8.8238172,41.7028332
Rua Doutor Francisco Cyrne de Castro,Rua Camilo Castelo Branco,118.9817697590423,1.4277812371085075,1.7333818882021554,-8.8238172,41.7028332
Rua Camilo Castelo Branco,Rua Doutor Francisco Cyrne de Castro,95.39979955421043,1.144797594650525,6.857052701408939,-8.8238172,41.7028332
Rua Salvato Feijó,Rua Ramalho Ortigão,102.78253635244971,1.2333904362293966,0.23332061988605096,-8.8230444,41.70385649999998
Rua Ramalho Ortigão,Rua Salvato Feijó,69.4026165273125,0.83283139832775,3.109042444488767,-8.8230444,41.70385649999998
Rua Aquilino Ribeiro,Rua dos Campo Monteiro,108.14475049500618,1.2977370059400741,3.435327207832623,-8.8181881998049,41.705606752896855
Rua dos Campo Monteiro,Rua Aquilino Ribeiro,71.22324157698264,0.8546788989237918,2.4736632850856077,-8.8181881998049,41.705606752896855
Rua dos Campo Monteiro,Rua Ferreira de Castro,79.42653463914317,0.9531184156697181,1.7636312279983943,-8.8194601,41.705414299999994
Rua Ferreira de Castro,Rua dos Campo Monteiro,80.65158380570858,0.9678190056685031,3.3669457950135184,-8.8194601,41.705414299999994
Rua Aquilino Ribeiro,Via Entre Santos,65.36924738804709,0.784430968656565,3.631144000214733,-8.819802417682826,41.70741422685984
Via Entre Santos,Rua Aquilino Ribeiro,252.527898526997,3.0303347823239646,3.561343646018686,-8.819802417682826,41.70741422685984
Rua Aquilino Ribeiro,Rua Eça de Queirós,46.902385078383325,0.5628286209405999,1.360801678927154,-8.819802417682826,41.70741422685984
Rua Eça de Queirós,Rua Aquilino Ribeiro,252.527898526997,3.0303347823239646,3.561343646018686,-8.819802417682826,41.70741422685984
Rua Aquilino Ribeiro,Praça Doutor António Feio Ribeiro da Silva,96.62634489151498,1.1595161386981796,0.5728835576697344,-8.819802417682826,41.70741422685984
Praça Doutor António Feio Ribeiro da Silva,Rua Aquilino Ribeiro,252.527898526997,3.0303347823239646,3.561343646018686,-8.819802417682826,41.70741422685984
Via Entre Santos,Rua Eça de Queirós,46.902385078383325,0.5628286209405999,1.360801678927154,-8.819802417682826,41.70741422685984
Rua Eça de Queirós,Via Entre Santos,65.36924738804709,0.784430968656565,3.631144000214733,-8.819802417682826,41.70741422685984
Via Entre Santos,Praça Doutor António Feio Ribeiro da Silva,96.62634489151498,1.1595161386981796,0.5728835576697344,-8.819802417682826,41.70741422685984
Praça Doutor António Feio Ribeiro da Silva,Via Entre Santos,65.36924738804709,0.784430968656565,3.631144000214733,-8.819802417682826,41.70741422685984
Rua Eça de Queirós,Praça Doutor António Feio Ribeiro da Silva,96.62634489151498,1.1595161386981796,0.5728835576697344,-8.819802417682826,41.70741422685984
Praça Doutor António Feio Ribeiro da Silva,Rua Eça de Queirós,46.902385078383325,0.5628286209405999,1.360801678927154,-8.819802417682826,41.70741422685984
Largo das Almas,Rua Martim Velho,50.56830606689432,0.6068196728027319,3.73920087707608,-8.8257329,41.69443399999999
Rua Martim Velho,Largo das Almas,74.6289804630355,0.8955477655564261,2.272526533524032,-8.8257329,41.69443399999999
Largo das Almas,Rua Dona Maria II,46.18584341750812,0.5542301210100974,0.16787334859935843,-8.8257329,41.69443399999999
Rua Dona Maria II,Largo das Almas,74.6289804630355,0.8955477655564261,2.272526533524032,-8.8257329,41.69443399999999
Rua Martim Velho,Rua Dona Maria II,46.18584341750812,0.5542301210100974,0.16787334859935843,-8.8257329,41.69443399999999
Rua Dona Maria II,Rua Martim Velho,50.56830606689432,0.6068196728027319,3.73920087707608,-8.8257329,41.69443399999999
Rua Martim Velho,Rua José de Brito; Rua Dona Maria II,114.7499816596883,1.3769997799162597,2.485625554183168,-8.8260842,41.6948048
Rua José de Brito; Rua Dona Maria II,Rua Martim Velho,47.30395834377758,0.5676475001253309,1.6036536443810943,-8.8260842,41.6948048
Rua Nova de São Bento,Avenida Luís de Camões,48.634457494559555,0.5836134899347146,0.8857690946457867,-8.8235029,41.69444019999999
Avenida Luís de Camões,Rua Nova de São Bento,68.77760723645488,0.8253312868374587,2.837181347436138,-8.8235029,41.69444019999999
Rua do Gontim,Praça de Frei Gonçalo Velho,62.99339289953037,0.7559207147943645,1.2863819502965013,-8.8244188,41.6946872
Praça de Frei Gonçalo Velho,Rua do Gontim,53.17459316056046,0.6380951179267256,2.9559206906878988,-8.8244188,41.6946872
Rua José de Brito; Rua Dona Maria II,Rua Pedro Homem de Melo,52.50611856803818,0.6300734228164582,2.071059318389749,-8.8248974,41.6953317
Rua Pedro Homem de Melo,Rua José de Brito; Rua Dona Maria II,114.7499816596883,1.3769997799162597,2.485625554183168,-8.8248974,41.6953317
Rua José de Brito; Rua Dona Maria II,Rua Dona Maria II,108.43091746824658,1.301171009618959,0.9581566491918291,-8.8248974,41.6953317
Rua Dona Maria II,Rua José de Brito; Rua Dona Maria II,114.7499816596883,1.3769997799162597,2.485625554183168,-8.8248974,41.6953317
Rua Pedro Homem de Melo,Rua Dona Maria II,108.43091746824658,1.301171009618959,0.9581566491918291,-8.8248974,41.6953317
Rua Dona Maria II,Rua Pedro Homem de Melo,52.50611856803818,0.6300734228164582,2.071059318389749,-8.8248974,41.6953317
Rua Martim Velho,Rua da Bandeira,172.56490425217396,2.0707788510260876,0.6826535687543079,-8.8263854,41.695165900000006
Rua da Bandeira,Rua Martim Velho,47.30395834377758,0.5676475001253309,1.6036536443810943,-8.8263854,41.695165900000006
Rua Martim Velho,Avenida Rocha Páris,85.52427379601666,1.0262912855522,0.17635514160848972,-8.8263854,41.695165900000006
Avenida Rocha Páris,Rua Martim Velho,47.30395834377758,0.5676475001253309,1.6036536443810943,-8.8263854,41.695165900000006
Rua da Bandeira,Avenida Rocha Páris,85.52427379601666,1.0262912855522,0.17635514160848972,-8.8263854,41.695165900000006
Avenida Rocha Páris,Rua da Bandeira,172.56490425217396,2.0707788510260876,0.6826535687543079,-8.8263854,41.695165900000006
Travessa Luís Jácome,Travessa do Salgueiro; Rua dos Rubins,171.27134747219594,2.055256169666351,0.042717056844144834,-8.8298072,41.69218999999998
Travessa do Salgueiro; Rua dos Rubins,Travessa Luís Jácome,62.40742202486255,0.7488890642983506,5.599482269000929,-8.8298072,41.69218999999998
Rua Pedro Homem de Melo,Rua Nova de São Bento,65.1671803442772,0.7820061641313264,5.679905307982317,-8.8243581,41.69557830000001
Rua Nova de São Bento,Rua Pedro Homem de Melo,37.027963487049426,0.4443355618445931,3.182645204443403,-8.8243581,41.69557830000001
Rua Dona Maria II,Praça de Frei Gonçalo Velho,55.13484140956424,0.6616180969147709,3.216654041807268,-8.8252675,41.6946615
Praça de Frei Gonçalo Velho,Rua Dona Maria II,46.18584341750812,0.5542301210100974,0.16787334859935843,-8.8252675,41.6946615
Rua da Bandeira,Rua Nova de São Bento,65.1671803442772,0.7820061641313264,5.679905307982317,-8.8247405,41.6960901
Rua Nova de São Bento,Rua da Bandeira,36.80321169977291,0.4416385403972749,2.3962552159824755,-8.8247405,41.6960901
Rua Doutor Francisco Cyrne de Castro,Rua Doutor Cláudio Bastos,160.07751306112235,1.920930156733468,0.030408671103863423,-8.8244022,41.70353779999999
Rua Doutor Cláudio Bastos,Rua Doutor Francisco Cyrne de Castro,80.6369064532553,0.9676428774390637,3.5628411175151227,-8.8244022,41.70353779999999
Rua Camilo Castelo Branco,Rua de Caminha,81.77060347244053,0.9812472416692863,4.62144807142887,-8.824743050143448,41.70201705005483
Rua de Caminha,Rua Camilo Castelo Branco,118.9817697590423,1.4277812371085075,1.7333818882021554,-8.824743050143448,41.70201705005483
Rua Camilo Castelo Branco,Rua Conde d'Aurora,147.51057501534342,1.770126900184121,4.309061458256605,-8.824743050143448,41.70201705005483
Rua Conde d'Aurora,Rua Camilo Castelo Branco,118.9817697590423,1.4277812371085075,1.7333818882021554,-8.824743050143448,41.70201705005483
Rua Camilo Castelo Branco,Rua de Melgaço,62.510133146921234,0.7501215977630549,6.421471701923521,-8.824743050143448,41.70201705005483
Rua de Melgaço,Rua Camilo Castelo Branco,118.9817697590423,1.4277812371085075,1.7333818882021554,-8.824743050143448,41.70201705005483
Rua de Caminha,Rua Conde d'Aurora,147.51057501534342,1.770126900184121,4.309061458256605,-8.824743050143448,41.70201705005483
Rua Conde d'Aurora,Rua de Caminha,81.77060347244053,0.9812472416692863,4.62144807142887,-8.824743050143448,41.70201705005483
Rua de Caminha,Rua de Melgaço,62.510133146921234,0.7501215977630549,6.421471701923521,-8.824743050143448,41.70201705005483
Rua de Melgaço,Rua de Caminha,81.77060347244053,0.9812472416692863,4.62144807142887,-8.824743050143448,41.70201705005483
Rua Conde d'Aurora,Rua de Melgaço,62.510133146921234,0.7501215977630549,6.421471701923521,-8.824743050143448,41.70201705005483
Rua de Melgaço,Rua Conde d'Aurora,147.51057501534342,1.770126900184121,4.309061458256605,-8.824743050143448,41.70201705005483
Rua Ramalho Ortigão,Quelha das Necessidades,54.37701807927314,0.6525242169512777,7.255632181941409,-8.822291638165987,41.704533368097714
Quelha das Necessidades,Rua Ramalho Ortigão,102.78253635244971,1.2333904362293966,0.23332061988605096,-8.822291638165987,41.704533368097714
Rua Ramalho Ortigão,Rua Ruben Leitão,142.91932877121098,1.715031945254532,1.3419766038350738,-8.822291638165987,41.704533368097714
Rua Ruben Leitão,Rua Ramalho Ortigão,102.78253635244971,1.2333904362293966,0.23332061988605096,-8.822291638165987,41.704533368097714
Rua Ramalho Ortigão,Rua dos Campo Monteiro,79.48191037003346,0.9537829244404016,1.6305663049488828,-8.822291638165987,41.704533368097714
Rua dos Campo Monteiro,Rua Ramalho Ortigão,102.78253635244971,1.2333904362293966,0.23332061988605096,-8.822291638165987,41.704533368097714
Rua Ramalho Ortigão,Rua Francisco Sá Noronha,223.51159498385286,2.6821391398062344,1.4137516034292765,-8.822291638165987,41.704533368097714
Rua Francisco Sá Noronha,Rua Ramalho Ortigão,102.78253635244971,1.2333904362293966,0.23332061988605096,-8.822291638165987,41.704533368097714
Quelha das Necessidades,Rua Ruben Leitão,142.91932877121098,1.715031945254532,1.3419766038350738,-8.822291638165987,41.704533368097714
Rua Ruben Leitão,Quelha das Necessidades,54.37701807927314,0.6525242169512777,7.255632181941409,-8.822291638165987,41.704533368097714
Quelha das Necessidades,Rua dos Campo Monteiro,79.48191037003346,0.9537829244404016,1.6305663049488828,-8.822291638165987,41.704533368097714
Rua dos Campo Monteiro,Quelha das Necessidades,54.37701807927314,0.6525242169512777,7.255632181941409,-8.822291638165987,41.704533368097714
Quelha das Necessidades,Rua Francisco Sá Noronha,223.51159498385286,2.6821391398062344,1.4137516034292765,-8.822291638165987,41.704533368097714
Rua Francisco Sá Noronha,Quelha das Necessidades,54.37701807927314,0.6525242169512777,7.255632181941409,-8.822291638165987,41.704533368097714
Rua Ruben Leitão,Rua dos Campo Monteiro,79.48191037003346,0.9537829244404016,1.6305663049488828,-8.822291638165987,41.704533368097714
Rua dos Campo Monteiro,Rua Ruben Leitão,142.91932877121098,1.715031945254532,1.3419766038350738,-8.822291638165987,41.704533368097714
Rua Ruben Leitão,Rua Francisco Sá Noronha,223.51159498385286,2.6821391398062344,1.4137516034292765,-8.822291638165987,41.704533368097714
Rua Francisco Sá Noronha,Rua Ruben Leitão,142.91932877121098,1.715031945254532,1.3419766038350738,-8.822291638165987,41.704533368097714
Rua dos Campo Monteiro,Rua Francisco Sá Noronha,223.51159498385286,2.6821391398062344,1.4137516034292765,-8.822291638165987,41.704533368097714
Rua Francisco Sá Noronha,Rua dos Campo Monteiro,79.48191037003346,0.9537829244404016,1.6305663049488828,-8.822291638165987,41.704533368097714
Rua Doutor Cláudio Bastos,Rua Doutor Cláudio Bastos; Quelha das Necessidades,97.68360456401595,1.1722032547681915,4.2832709129591295,-8.8235947,41.704844999999985
Rua Doutor Cláudio Bastos; Quelha das Necessidades,Rua Doutor Cláudio Bastos,160.07751306112235,1.920930156733468,0.030408671103863423,-8.8235947,41.704844999999985
Rua Conde d'Aurora,Rua João Castelão Pereira,184.92062070240874,2.219047448428905,0.05829193497942565,-8.8251943,41.70311460000001
Rua João Castelão Pereira,Rua Conde d'Aurora,85.51461415619663,1.0261753698743596,3.862209379152072,-8.8251943,41.70311460000001
Rua dos Arcos de Valdevez,Rua de Melgaço,58.41880788168221,0.7010256945801865,2.3153210080185045,-8.8247994,41.70150170000001
Rua de Melgaço,Rua dos Arcos de Valdevez,109.99619664107027,1.3199543596928431,2.881028347540212,-8.8247994,41.70150170000001
Rua dos Arcos de Valdevez,Rua de Monção,106.818216095477,1.281818593145724,0.24610957912419396,-8.8247994,41.70150170000001
Rua de Monção,Rua dos Arcos de Valdevez,109.99619664107027,1.3199543596928431,2.881028347540212,-8.8247994,41.70150170000001
Rua de Melgaço,Rua de Monção,106.818216095477,1.281818593145724,0.24610957912419396,-8.8247994,41.70150170000001
Rua de Monção,Rua de Melgaço,58.41880788168221,0.7010256945801865,2.3153210080185045,-8.8247994,41.70150170000001
Quelha das Necessidades,Rua Doutor Cláudio Bastos; Quelha das Necessidades,97.68360456401595,1.1722032547681915,4.2832709129591295,-8.822752599977388,41.70471520000882
Rua Doutor Cláudio Bastos; Quelha das Necessidades,Quelha das Necessidades,54.37701807927314,0.6525242169512777,7.255632181941409,-8.822752599977388,41.70471520000882
Rua dos Campo Monteiro,Rua da Fonte,78.1755423732641,0.9381065084791691,4.2698865552203635,-8.8214489,41.70486509999999
Rua da Fonte,Rua dos Campo Monteiro,79.48191037003346,0.9537829244404016,1.6305663049488828,-8.8214489,41.70486509999999
Rua Francisco Sá Noronha,Rua do Souto,117.45137456334513,1.4094164947601415,5.826601748022047,-8.821432500000002,41.70643750000001
Rua do Souto,Rua Francisco Sá Noronha,83.17421389947057,0.9980905667936469,1.7191318716811024,-8.821432500000002,41.70643750000001
Rua Doutor Francisco Cyrne de Castro,Rua Conde d'Aurora,57.48984937710231,0.6898781925252278,4.407343830333692,-8.8253903,41.703869600000004
Rua Conde d'Aurora,Rua Doutor Francisco Cyrne de Castro,73.08037026594906,0.8769644431913887,3.1566668733562917,-8.8253903,41.703869600000004
Rua Doutor Francisco Cyrne de Castro,Rua Manuel Lima Bezerra,71.32515668417808,0.8559018802101369,2.6640246861394425,-8.8253903,41.703869600000004
Rua Manuel Lima Bezerra,Rua Doutor Francisco Cyrne de Castro,73.08037026594906,0.8769644431913887,3.1566668733562917,-8.8253903,41.703869600000004
Rua Conde d'Aurora,Rua Manuel Lima Bezerra,71.32515668417808,0.8559018802101369,2.6640246861394425,-8.8253903,41.703869600000004
Rua Manuel Lima Bezerra,Rua Conde d'Aurora,57.48984937710231,0.6898781925252278,4.407343830333692,-8.8253903,41.703869600000004
Rua Conde d'Aurora,Rua Sara Afonso,93.13870976789629,1.1176645172147555,5.871946465020028,-8.825629456567878,41.70419346579753
Rua Sara Afonso,Rua Conde d'Aurora,57.48984937710231,0.6898781925252278,4.407343830333692,-8.825629456567878,41.70419346579753
Rua João Castelão Pereira,Rua Engenheiro João Branco,73.44284995929037,0.8813141995114845,1.7302310204389035,-8.82707255977715,41.70225469017975
Rua Engenheiro João Branco,Rua João Castelão Pereira,69.58978697328396,0.8350774436794076,5.991392610134937,-8.82707255977715,41.70225469017975
Rua João Castelão Pereira,Largo José Rosa Araújo,138.13866701558288,1.6576640041869946,0.9198952036700169,-8.82707255977715,41.70225469017975
Largo José Rosa Araújo,Rua João Castelão Pereira,69.58978697328396,0.8350774436794076,5.991392610134937,-8.82707255977715,41.70225469017975
Rua Engenheiro João Branco,Largo José Rosa Araújo,138.13866701558288,1.6576640041869946,0.9198952036700169,-8.82707255977715,41.70225469017975
Largo José Rosa Araújo,Rua Engenheiro João Branco,73.44284995929037,0.8813141995114845,1.7302310204389035,-8.82707255977715,41.70225469017975
Largo Jardim,Rua de Melgaço,58.41880788168221,0.7010256945801865,2.3153210080185045,-8.824924900133109,41.701006100047
Rua de Melgaço,Largo Jardim,60.66237183202069,0.7279484619842482,2.704364320702403,-8.824924900133109,41.701006100047
Largo Jardim,Rua Vila Nova de Cerveira,60.45678757866836,0.7254814509440203,2.672111533344378,-8.824924900133109,41.701006100047
Rua Vila Nova de Cerveira,Largo Jardim,60.66237183202069,0.7279484619842482,2.704364320702403,-8.824924900133109,41.701006100047
Rua de Melgaço,Rua Vila Nova de Cerveira,60.45678757866836,0.7254814509440203,2.672111533344378,-8.824924900133109,41.701006100047
Rua Vila Nova de Cerveira,Rua de Melgaço,58.41880788168221,0.7010256945801865,2.3153210080185045,-8.824924900133109,41.701006100047
Rua de Monção,Rua Vila Nova de Cerveira,60.45678757866836,0.7254814509440203,2.672111533344378,-8.8255987,41.700870899999984
Rua Vila Nova de Cerveira,Rua de Monção,106.818216095477,1.281818593145724,0.24610957912419396,-8.8255987,41.700870899999984
Rua Conde d'Aurora,Estrada da Abelheira,96.56126320700933,1.1587351584841121,4.25185035387869,-8.82486333835393,41.705500128803614
Estrada da Abelheira,Rua Conde d'Aurora,165.824573625938,1.989894883511256,2.730948391778624,-8.82486333835393,41.705500128803614
Rua Conde d'Aurora,Avenida da Abelheira,216.20086181937816,2.5944103418325377,5.373918353709399,-8.82486333835393,41.705500128803614
Avenida da Abelheira,Rua Conde d'Aurora,165.824573625938,1.989894883511256,2.730948391778624,-8.82486333835393,41.705500128803614
Rua Conde d'Aurora,Via Entre Santos,370.8113980267471,4.449736776320965,4.269173425973593,-8.82486333835393,41.705500128803614
Via Entre Santos,Rua Conde d'Aurora,165.824573625938,1.989894883511256,2.730948391778624,-8.82486333835393,41.705500128803614
Estrada da Abelheira,Avenida da Abelheira,216.20086181937816,2.5944103418325377,5.373918353709399,-8.82486333835393,41.705500128803614
Avenida da Abelheira,Estrada da Abelheira,96.56126320700933,1.1587351584841121,4.25185035387869,-8.82486333835393,41.705500128803614
Estrada da Abelheira,Via Entre Santos,370.8113980267471,4.449736776320965,4.269173425973593,-8.82486333835393,41.705500128803614
Via Entre Santos,Estrada da Abelheira,96.56126320700933,1.1587351584841121,4.25185035387869,-8.82486333835393,41.705500128803614
Avenida da Abelheira,Via Entre Santos,370.8113980267471,4.449736776320965,4.269173425973593,-8.82486333835393,41.705500128803614
Via Entre Santos,Avenida da Abelheira,216.20086181937816,2.5944103418325377,5.373918353709399,-8.82486333835393,41.705500128803614
Rua da Fonte,Rua Eça de Queirós,122.78047403004726,1.473365688360567,0.29997516401068447,-8.8209943,41.7042494
Rua Eça de Queirós,Rua da Fonte,78.1755423732641,0.9381065084791691,4.2698865552203635,-8.8209943,41.7042494
Rua dos Campo Monteiro,Rua Eça de Queirós,59.20561721091889,0.7104674065310267,0.012535117240364128,-8.820407010375986,41.70526041727484
Rua Eça de Queirós,Rua dos Campo Monteiro,80.65158380570858,0.9678190056685031,3.3669457950135184,-8.820407010375986,41.70526041727484
Rua do Souto,Rua Eça de Queirós,41.502510999135644,0.4980301319896277,4.53518462995439,-8.820091,41.70665369999999
Rua Eça de Queirós,Rua do Souto,117.45137456334513,1.4094164947601415,5.826601748022047,-8.820091,41.70665369999999
Rua Francisco Sá Noronha,Via Entre Santos,80.2083363022953,0.9625000356275436,5.804483570401101,-8.821469400000929,41.707144100000995
Via Entre Santos,Rua Francisco Sá Noronha,50.84979960749701,0.6101975952899641,0.09361236464357645,-8.821469400000929,41.707144100000995
Rua Francisco Sá Noronha,Rua Conceição Madruga,102.76870012544939,1.2332244015053928,4.183363814705833,-8.8216948,41.70755470000001
Rua Conceição Madruga,Rua Francisco Sá Noronha,47.590167730251025,0.5710820127630122,1.8992941218953203,-8.8216948,41.70755470000001
Rua Engenheiro João Branco,Largo José Rosa Araújo,138.13866701558288,1.6576640041869946,0.9198952036700169,-8.8274249,41.7016676
Largo José Rosa Araújo,Rua Engenheiro João Branco,37.34324051757006,0.4481188862108407,1.5715005032045017,-8.8274249,41.7016676
Estrada da Abelheira,Rua da Bela Vista,45.612436048026204,0.5473492325763145,9.187593637411394,-8.8249286,41.7063658
Rua da Bela Vista,Estrada da Abelheira,96.56126320700933,1.1587351584841121,4.25185035387869,-8.8249286,41.7063658
Avenida da Abelheira,Rua Padre Himalaia,121.68262031788083,1.46019144381457,0.7299244714029285,-8.827260799941921,41.705492500014515
Rua Padre Himalaia,Avenida da Abelheira,198.68198814849566,2.384183857781948,1.3476798127755756,-8.827260799941921,41.705492500014515
Avenida da Abelheira,Rua Sara Afonso,49.25071994399199,0.5910086393279038,8.677290889804762,-8.827260799941921,41.705492500014515
Rua Sara Afonso,Avenida da Abelheira,198.68198814849566,2.384183857781948,1.3476798127755756,-8.827260799941921,41.705492500014515
Rua Padre Himalaia,Rua Sara Afonso,49.25071994399199,0.5910086393279038,8.677290889804762,-8.827260799941921,41.705492500014515
Rua Sara Afonso,Rua Padre Himalaia,121.68262031788083,1.46019144381457,0.7299244714029285,-8.827260799941921,41.705492500014515
Rua Engenheiro João Branco,Largo Manuel Couto Viana,44.8737587973122,0.5384851055677464,5.861904585082443,-8.8275398,41.7013433
Largo Manuel Couto Viana,Rua Engenheiro João Branco,37.34324051757006,0.4481188862108407,1.5715005032045017,-8.8275398,41.7013433
Rua da Bela Vista,Rua do Barroso,114.18231509480711,1.3701877811376855,3.3012431736373062,-8.8232579,41.70799309999998
Rua do Barroso,Rua da Bela Vista,268.781457502995,3.22537749003594,4.179135872661582,-8.8232579,41.70799309999998
Estrada da Abelheira,Rua do Barroso,184.32354244910837,2.2118825093893,8.128925976260849,-8.823952850055097,41.7094254000128
Rua do Barroso,Estrada da Abelheira,69.07953454969572,0.8289544145963487,0.16286017630429322,-8.823952850055097,41.7094254000128
Estrada da Abelheira,Rua das Lavadeiras,101.65504017847019,1.219860482141642,7.211544328782569,-8.823952850055097,41.7094254000128
Rua das Lavadeiras,Estrada da Abelheira,69.07953454969572,0.8289544145963487,0.16286017630429322,-8.823952850055097,41.7094254000128
Rua do Barroso,Rua das Lavadeiras,101.65504017847019,1.219860482141642,7.211544328782569,-8.823952850055097,41.7094254000128
Rua das Lavadeiras,Rua do Barroso,184.32354244910837,2.2118825093893,8.128925976260849,-8.823952850055097,41.7094254000128
Rua das Lavadeiras,Rua de São Francisco,75.4785659790645,0.9057427917487739,5.436198501690752,-8.824961,41.7097525
Rua de São Francisco,Rua das Lavadeiras,101.65504017847019,1.219860482141642,7.211544328782569,-8.824961,41.7097525
Rua Francisco Sá Noronha,Rua Francisco Sá Noronha; Rua de São João,70.08478485883478,0.8410174183060173,2.619592250085841,-8.8217034,41.7091132
Rua Francisco Sá Noronha; Rua de São João,Rua Francisco Sá Noronha,88.8303462994092,1.0659641555929105,1.3101928850195974,-8.8217034,41.7091132
Rua Conceição Madruga,Rua Artur Castro,65.2344113094033,0.7828129357128396,3.433422256250214,-8.820515,41.70779600000001
Rua Artur Castro,Rua Conceição Madruga,86.63160374909401,1.0395792449891281,1.8306905388472825,-8.820515,41.70779600000001
Rua de Valverde,Rua António Machado Vilas Boas,112.72874063090917,1.35274488757091,0.4114152802244506,-8.8281068,41.70070380000001
Rua António Machado Vilas Boas,Rua de Valverde,41.668223069685695,0.5000186768362282,10.835067377375717,-8.8281068,41.70070380000001
Rua Conceição Madruga,Praça Doutor António Feio Ribeiro da Silva,63.404689814985936,0.7608562777798313,1.0065994791996788,-8.81976339988581,41.708010913936015
Praça Doutor António Feio Ribeiro da Silva,Rua Conceição Madruga,86.63160374909401,1.0395792449891281,1.8306905388472825,-8.81976339988581,41.708010913936015
Rua Conceição Madruga,Rua de São João,84.65117627730626,1.0158141153276752,3.547661970653652,-8.81976339988581,41.708010913936015
Rua de São João,Rua Conceição Madruga,86.63160374909401,1.0395792449891281,1.8306905388472825,-8.81976339988581,41.708010913936015
Praça Doutor António Feio Ribeiro da Silva,Rua de São João,84.65117627730626,1.0158141153276752,3.547661970653652,-8.81976339988581,41.708010913936015
Rua de São João,Praça Doutor António Feio Ribeiro da Silva,63.404689814985936,0.7608562777798313,1.0065994791996788,-8.81976339988581,41.708010913936015
Rua Francisco Sá Noronha; Rua de São João,Rua de São João,83.65603998019228,1.0038724797623073,3.663497962217605,-8.8209645,41.7092199
Rua de São João,Rua Francisco Sá Noronha; Rua de São João,70.08478485883478,0.8410174183060173,2.619592250085841,-8.8209645,41.7092199
Rua Francisco Sá Noronha; Rua de São João,Rua da Lamosa,398.5335703977244,4.782402844772693,1.1767287543611953,-8.8209645,41.7092199
Rua da Lamosa,Rua Francisco Sá Noronha; Rua de São João,70.08478485883478,0.8410174183060173,2.619592250085841,-8.8209645,41.7092199
Rua de São João,Rua da Lamosa,398.5335703977244,4.782402844772693,1.1767287543611953,-8.8209645,41.7092199
Rua da Lamosa,Rua de São João,83.65603998019228,1.0038724797623073,3.663497962217605,-8.8209645,41.7092199
Rua Arquitecto José Fernandes Martins,Rua da Bandeira,36.80321169977291,0.4416385403972749,2.3962552159824755,-8.8243521,41.696249599999994
Rua da Bandeira,Rua Arquitecto José Fernandes Martins,64.29682816678528,0.7715619380014234,6.218042279294062,-8.8243521,41.696249599999994
Rua de São Francisco,Estrada da Abelheira,76.92167522689962,0.9230601027227955,16.293391534009935,-8.8244404,41.712245
Estrada da Abelheira,Rua de São Francisco,215.4831209425854,2.5857974513110245,2.910626029064987,-8.8244404,41.712245
Rua António Feijó,Rua António Correia de Oliveira,56.213536764180894,0.6745624411701707,2.968341284307623,-8.8202104,41.7124554
Rua António Correia de Oliveira,Rua António Feijó,34.48938357356012,0.4138726028827215,8.934083340877553,-8.8202104,41.7124554
Avenida do Atlântico,Avenida de Cabo Verde,911.2375480167046,10.934850576200455,0.09536025760756259,-8.84781202608588,41.69316123821104
Avenida de Cabo Verde,Avenida do Atlântico,50.745480806959876,0.6089457696835185,0.2979572077219025,-8.84781202608588,41.69316123821104
Avenida do Atlântico,Rua de Nossa Senhora da Agonia,142.45082560613423,1.7094099072736109,0.3158367593263378,-8.84781202608588,41.69316123821104
Rua de Nossa Senhora da Agonia,Avenida do Atlântico,50.745480806959876,0.6089457696835185,0.2979572077219025,-8.84781202608588,41.69316123821104
Avenida de Cabo Verde,Rua de Nossa Senhora da Agonia,142.45082560613423,1.7094099072736109,0.3158367593263378,-8.84781202608588,41.69316123821104
Rua de Nossa Senhora da Agonia,Avenida de Cabo Verde,911.2375480167046,10.934850576200455,0.09536025760756259,-8.84781202608588,41.69316123821104
Rua de Nossa Senhora da Agonia,Rua São Pedro dos Pescadores; Rua de Nossa Senhora da Agonia,204.43197951860822,2.4531837542232986,0.0257475110642457,-8.8466092,41.691930599999985
Rua São Pedro dos Pescadores; Rua de Nossa Senhora da Agonia,Rua de Nossa Senhora da Agonia,39.05240348615679,0.4686288418338814,0.7170725493140208,-8.8466092,41.691930599999985
Rua São Pedro dos Pescadores; Rua de Nossa Senhora da Agonia,Rua São Pedro dos Pescadores,35.359038808171476,0.4243084656980577,1.6804071479594669,-8.8462649,41.69224399999998
Rua São Pedro dos Pescadores,Rua São Pedro dos Pescadores; Rua de Nossa Senhora da Agonia,204.43197951860822,2.4531837542232986,0.0257475110642457,-8.8462649,41.69224399999998
